id,app,storefront,rating,date,primary_job,title
En-US-000,Endel,US,5,2026-08-29,sleep,It yes
En-US-001,Endel,US,1,2026-08-29,adhd/neurodivergent,Beware they will still charge you even if you cancel the trial membership days before it ends!
En-US-002,Endel,US,1,2026-08-25,adhd/neurodivergent,Scam - preying on ppl w/ ADHD
En-US-003,Endel,US,2,2026-08-25,reading/writing,App was okay but tried to charge me after I unsubscribed
En-US-004,Endel,US,2,2026-08-24,sleep,Unimpressed
En-US-005,Endel,US,1,2026-08-24,,Refund Warning!!
En-US-006,Endel,US,3,2026-08-24,anxiety/stress,Something changed ?
En-US-007,Endel,US,1,2026-08-23,,Fraud
En-US-008,Endel,US,2,2026-08-22,sleep,Customer service?
En-US-009,Endel,US,5,2026-08-21,study/schoolwork,Money Well Spent
En-US-010,Endel,US,5,2026-08-21,,It works
En-US-011,Endel,US,1,2026-08-20,adhd/neurodivergent,Terrible App
En-US-012,Endel,US,2,2026-08-20,,Invasive and off putting
En-US-013,Endel,US,3,2026-08-18,,False Advertising on 8D Odyssey
En-US-014,Endel,US,5,2026-08-17,,Choose Endel
En-US-015,Endel,US,5,2026-08-16,,STOP PUSHING FOR LIFE TIME SUBSCRIPTION
En-US-016,Endel,US,1,2026-08-13,,Can’t use this app for more than 5-minutes
En-US-017,Endel,US,5,2026-08-13,sleep,Not overhyoed
En-US-018,Endel,US,1,2026-08-13,,"Double charged, customer support nonexistent"
En-US-019,Endel,US,5,2026-08-12,,Shocked
En-US-020,Endel,US,5,2026-08-12,tinnitus/noise-masking,Amazing
En-US-021,Endel,US,5,2026-08-12,sleep,Nothing else but this has worked!
En-US-022,Endel,US,2,2026-08-11,adhd/neurodivergent,No option to cancel after free trial.
En-US-023,Endel,US,1,2026-08-10,,Keeps bugging me about lifetime subscription
En-US-024,Endel,US,1,2026-08-08,,Take your money
En-US-025,Endel,US,1,2026-08-06,,.
En-US-026,Endel,US,5,2026-08-03,,Scam & Fraud
En-US-027,Endel,US,3,2026-08-03,,Too Expensive
En-US-028,Endel,US,1,2026-08-02,,Misleading
En-US-029,Endel,US,1,2026-07-31,adhd/neurodivergent,"Ads, even though I’ve paid!"
En-US-030,Endel,US,1,2026-07-30,adhd/neurodivergent,Wrong songs and click bait
En-US-031,Endel,US,4,2026-07-30,focus/work,Don’t work
En-US-032,Endel,US,1,2026-07-28,adhd/neurodivergent,Premium still has ads
En-US-033,Endel,US,3,2026-07-27,,"Great App, But the Constant Upselling Is Too Much"
En-US-034,Endel,US,1,2026-07-25,,"Love the solution, hate the sales push (I pay yearly)"
En-US-035,Endel,US,1,2026-07-25,adhd/neurodivergent,Not for me but I didn’t get a choice
En-US-036,Endel,US,5,2026-07-24,,Everything I Have ever wanted
En-US-037,Endel,US,3,2026-07-22,anxiety/stress,Ruined by constant upselling to existing premium users
En-US-038,Endel,US,1,2026-07-21,adhd/neurodivergent,Constant ads
En-US-039,Endel,US,1,2026-07-21,,They steal from you
En-US-040,Endel,US,5,2026-07-20,relax/unwind/calm-down,Unbelievable
En-US-041,Endel,US,1,2026-07-18,,Cancelled
En-US-042,Endel,US,1,2026-07-18,reading/writing,Unethical strategies to make it nearly impossible to cancel
En-US-043,Endel,US,1,2026-07-14,,You will get charged $120 without being asked to confirm
En-US-044,Endel,US,4,2026-07-14,sleep,LOVE except for one annoying flaw
En-US-045,Endel,US,1,2026-07-09,,Absolutely  BS
En-US-046,Endel,US,5,2026-07-09,,Ridiculously amazing product.
En-US-047,Endel,US,1,2026-07-09,,"Unauthorized $119.99 charge, refund process failed"
En-US-048,Endel,US,1,2026-07-09,focus/work,App has crashed…
En-US-049,Endel,US,1,2026-07-09,,False Advertising
En-US-050,Endel,US,1,2026-07-08,,Prompts for Money Each Boot
En-US-051,Endel,US,1,2026-07-06,,Takes over your phone by default
En-US-052,Endel,US,1,2026-07-05,exercise/movement,"Loved it, Until I had to pay them for the rest of forever."
En-US-053,Endel,US,5,2026-07-05,adhd/neurodivergent,Migraine Brain Helper Too!
En-US-054,Endel,US,1,2026-07-04,adhd/neurodivergent,Feels More Focused on Revenue Than User Experience
En-US-055,Endel,US,1,2026-07-03,,Asks intrusive questions
En-US-056,Endel,US,2,2026-07-03,adhd/neurodivergent,I want to like the App but…it’s misleading
En-US-057,Endel,US,5,2026-07-03,,?????
En-US-058,Endel,US,4,2026-07-03,,Scam discount price
En-US-059,Endel,US,1,2026-07-02,,Fraudulent
En-US-060,Endel,US,5,2026-07-01,,Round of Applause!
En-US-061,Endel,US,1,2026-07-01,,App never works and feels like a scam
En-US-062,Endel,US,1,2026-06-30,,Great but so triggering I’m done with it
En-US-063,Endel,US,4,2026-06-29,adhd/neurodivergent,Anxiety and panic attacks
En-US-064,Endel,US,2,2026-06-29,relax/unwind/calm-down,Disappointed
En-US-065,Endel,US,5,2026-06-29,sleep,Sleep
En-US-066,Endel,US,2,2026-06-28,,Way too expensive
En-US-067,Endel,US,5,2026-06-28,,Yikes
En-US-068,Endel,US,1,2026-06-25,sleep,Disgusting and greeedy
En-US-069,Endel,US,2,2026-06-25,adhd/neurodivergent,"Ok, but FALSE ADS! NOT what the ads play. And, they still beg for money after you subscribe."
En-US-070,Endel,US,5,2026-06-25,sleep,It just works
En-US-071,Endel,US,4,2026-06-23,,"If only it was cheaper, so everyone could utilize it."
En-US-072,Endel,US,5,2026-06-22,,The audio automatically stops playing at night.
En-US-073,Endel,US,1,2026-06-22,,bait and switch.
En-US-074,Endel,US,3,2026-06-22,,Make it simpler.
En-US-075,Endel,US,1,2026-06-22,,Regret buying
En-US-076,Endel,US,2,2026-06-20,relax/unwind/calm-down,Marvelous app
En-US-077,Endel,US,5,2026-06-20,adhd/neurodivergent,Helpful
En-US-078,Endel,US,5,2026-06-16,adhd/neurodivergent,Neurodivergent Sound Bath
En-US-079,Endel,US,1,2026-06-16,,Can’t cancel app!
En-US-080,Endel,US,1,2026-06-16,adhd/neurodivergent,Shameful app that takes advantage of ADHD people
En-US-081,Endel,US,1,2026-06-15,reading/writing,Misleading advertising
En-US-082,Endel,US,5,2026-06-14,sleep,Great app
En-US-083,Endel,US,5,2026-06-14,,This really works
En-US-084,Endel,US,2,2026-06-14,,Subscription is through Paddle
En-US-085,Endel,US,1,2026-06-13,adhd/neurodivergent,Paying for Non-Stop Advertising
En-US-086,Endel,US,5,2026-06-13,sleep,I LOVE IT
En-US-087,Endel,US,2,2026-06-12,,You killed the app with your greed
En-US-088,Endel,US,1,2026-06-12,anxiety/stress,Too many pop ups and options and questions
En-US-089,Endel,US,1,2026-06-11,,Worst UX EVER
En-US-090,Endel,US,1,2026-06-11,,Difficult to unsubscribe
En-US-091,Endel,US,3,2026-06-10,,Awesome
En-US-092,Endel,US,1,2026-06-10,adhd/neurodivergent,Warning: $119.99 billing trap
En-US-093,Endel,US,5,2026-06-10,focus/work,Favorite Productivity Tool
En-US-094,Endel,US,4,2026-06-07,,Not entirely what I expected but not bad either
En-US-095,Endel,US,5,2026-06-07,relax/unwind/calm-down,Great app
En-US-096,Endel,US,5,2026-06-05,,Thank you
En-US-097,Endel,US,1,2026-06-04,,Get a free soundscapes app instead
En-US-098,Endel,US,5,2026-06-04,sleep,Intelligent sounds
En-US-099,Endel,US,1,2026-06-03,,Such Bad Faith People
En-US-100,Endel,US,5,2026-06-03,relax/unwind/calm-down,Perfect!
En-US-101,Endel,US,2,2026-06-02,relax/unwind/calm-down,Not ready for MacOS
En-US-102,Endel,US,5,2026-06-02,,Offering of thanks.
En-US-103,Endel,US,1,2026-06-02,,Annoying and deceptive
En-US-104,Endel,US,5,2026-06-02,adhd/neurodivergent,Thank you thank you thank you
En-US-105,Endel,US,5,2026-06-02,sleep,↗️➡️↘️Accurate as a Clock!!!
En-US-106,Endel,US,5,2026-06-01,adhd/neurodivergent,I am an advocate.
En-US-107,Endel,US,3,2026-06-01,focus/work,Expensive and didn’t work
En-US-108,Endel,US,1,2026-05-31,,Total rip off
En-US-109,Endel,US,5,2026-05-31,sleep,Even the dog
En-US-110,Endel,US,1,2026-05-30,,False advertising
En-US-111,Endel,US,1,2026-05-30,adhd/neurodivergent,Nothing like the ad
En-US-112,Endel,US,3,2026-05-30,,Keeps Playing When I Enter Car
En-US-113,Endel,US,1,2026-05-29,,This is a scam
En-US-114,Endel,US,5,2026-05-29,,Love this
En-US-115,Endel,US,5,2026-05-27,adhd/neurodivergent,Endel continues to soothe and focus my brain
En-US-116,Endel,US,5,2026-05-27,,5 MINUTES TO LIFETIME…
En-US-117,Endel,US,2,2026-05-27,adhd/neurodivergent,Not a great value
En-US-118,Endel,US,3,2026-05-26,,"Once minimal app, now convoluted"
En-US-119,Endel,US,1,2026-05-26,adhd/neurodivergent,$115 rip off
En-US-120,Endel,US,5,2026-05-26,,Horrible
En-US-121,Endel,US,1,2026-05-26,,Vibe coded glitchy app
En-US-122,Endel,US,5,2026-05-25,,The real deal
En-US-123,Endel,US,1,2026-05-25,,Immediately crashes
En-US-124,Endel,US,1,2026-05-24,,Way too expensive!
En-US-125,Endel,US,1,2026-05-23,focus/work,Stop asking questions
En-US-126,Endel,US,1,2026-05-23,reading/writing,Scam
En-US-127,Endel,US,1,2026-05-23,,"Seems cool, but"
En-US-128,Endel,US,3,2026-05-22,adhd/neurodivergent,Not what as advertised
En-US-129,Endel,US,5,2026-05-22,sleep,Incredible
En-US-130,Endel,US,1,2026-05-21,,Where is it free?
En-US-131,Endel,US,2,2026-05-21,anxiety/stress,NAGWARE (even with subscription)
En-US-132,Endel,US,3,2026-05-21,adhd/neurodivergent,Stop trying to Upsell
En-US-133,Endel,US,1,2026-05-20,adhd/neurodivergent,False Ads
En-US-134,Endel,US,3,2026-05-20,relax/unwind/calm-down,Needs bug fixes
En-US-135,Endel,US,1,2026-05-20,,refund scam!
En-US-136,Endel,US,3,2026-05-20,anxiety/stress,Agreed with No Upgrade
En-US-137,Endel,US,2,2026-05-20,,After subscribing still bombarded by upgrade pop ups
En-US-138,Endel,US,1,2026-05-19,adhd/neurodivergent,Do not recommend
En-US-139,Endel,US,5,2026-05-19,focus/work,You Have My Attention
En-US-140,Endel,US,1,2026-05-19,,Stop popping up lifetime upgrade thing
En-US-141,Endel,US,2,2026-05-18,,Meh Quality
En-US-142,Endel,US,1,2026-05-18,,"Not as advertised, awful"
En-US-143,Endel,US,2,2026-05-18,general ambience/background,"Helpful app, bad monetization"
En-US-144,Endel,US,1,2026-05-16,,No Support - Low Selection
En-US-145,Endel,US,5,2026-05-15,adhd/neurodivergent,For ADHD. So very helpful!!
En-US-146,Endel,US,1,2026-05-15,,Costly
En-US-147,Endel,US,3,2026-05-15,,Stop soliciting
En-US-148,Endel,US,1,2026-05-14,adhd/neurodivergent,Beware of false advertising!
En-US-149,Endel,US,2,2026-05-13,,Somehow double subscribed and can’t get a refund
En-US-150,Endel,US,5,2026-05-13,,Marry me Endel
En-US-151,Endel,US,4,2026-05-13,adhd/neurodivergent,Where can you find the song in the add “head up in the clouds” is post of lyrics
En-US-152,Endel,US,3,2026-05-13,adhd/neurodivergent,Ads in Premium Paid App
En-US-153,Endel,US,1,2026-05-13,,Persistent notifications. Horrendous.
En-US-154,Endel,US,1,2026-05-12,,Scam
En-US-155,Endel,US,5,2026-05-12,anxiety/stress,I love this app.
En-US-156,Endel,US,3,2026-05-12,adhd/neurodivergent,Limited options available
En-US-157,Endel,US,5,2026-05-12,,Beautiful
En-US-158,Endel,US,4,2026-05-12,,"No, I don’t want to upgrade!"
En-US-159,Endel,US,1,2026-05-11,,Beware!!!They billed me after I canceled.
En-US-160,Endel,US,1,2026-05-11,adhd/neurodivergent,Nice idea. False Advertising on Social Media
En-US-161,Endel,US,1,2026-05-10,,Keep getting charged
En-US-162,Endel,US,1,2026-05-09,,False information
En-US-163,Endel,US,5,2026-05-08,,AMAZING
En-US-164,Endel,US,1,2026-05-08,,Terrible
En-US-165,Endel,US,1,2026-05-08,adhd/neurodivergent,Ads are not what’s offered
En-US-166,Endel,US,2,2026-05-08,adhd/neurodivergent,False Advertising
En-US-167,Endel,US,3,2026-05-08,relax/unwind/calm-down,Audio playback bug on macOS (Premium subscription)
En-US-168,Endel,US,1,2026-05-07,,SCAM!!!
En-US-169,Endel,US,5,2026-05-07,adhd/neurodivergent,Best ADHD Tool
En-US-170,Endel,US,5,2026-05-07,anxiety/stress,An all around package
En-US-171,Endel,US,1,2026-05-07,,NO CUSTOMER SERVICE
En-US-172,Endel,US,5,2026-05-06,anxiety/stress,Excellent
En-US-173,Endel,US,4,2026-05-05,,Cannot load Health or Location Data
En-US-174,Endel,US,1,2026-05-05,,Aggressive advertisement for paid users
En-US-175,Endel,US,1,2026-05-04,focus/work,Expensive and doesn’t provide everything they advertise
En-US-176,Endel,US,1,2026-05-04,,Money grab
En-US-177,Endel,US,3,2026-05-04,,Misleading Trial - Subscription
En-US-178,Endel,US,1,2026-05-04,,No 7 day Trial Period
En-US-179,Endel,US,1,2026-05-03,,extremely expensive
En-US-180,Endel,US,1,2026-05-03,adhd/neurodivergent,Not what I was looking for
En-US-181,Endel,US,5,2026-05-03,anxiety/stress,A must for me.
En-US-182,Endel,US,1,2026-05-03,,Tried to do a free trial. And they charged me
En-US-183,Endel,US,5,2026-05-03,focus/work,Never reviewed an app in my life
En-US-184,Endel,US,1,2026-05-03,,Was good
En-US-185,Endel,US,1,2026-05-03,,Scam
En-US-186,Endel,US,5,2026-05-03,,Best investment
En-US-187,Endel,US,4,2026-05-03,,Buggy
En-US-188,Endel,US,1,2026-05-03,,Fraud
En-US-189,Endel,US,1,2026-05-02,focus/work,macOS Newest Version Sucks
En-US-190,Endel,US,1,2026-05-02,,Scam - charged me immediately for a year
En-US-191,Endel,US,1,2026-05-02,,Waste of money
En-US-192,Endel,US,2,2026-05-01,focus/work,Ad versus product..
En-US-193,Endel,US,5,2026-05-01,anxiety/stress,"Great for sleeping, energy at work and more"
En-US-194,Endel,US,5,2026-05-01,,Шикарное приложение
En-US-195,Endel,US,4,2026-05-01,focus/work,"More Shortcuts Please, and better focus breaks"
En-US-196,Endel,US,1,2026-05-01,focus/work,No support
En-US-197,Endel,US,1,2026-04-30,,Bait and switch
En-US-198,Endel,US,2,2026-04-30,sleep,I hate almost all the sounds. :(
En-US-199,Endel,US,1,2026-04-30,,Subscription Required
En-US-200,Endel,US,4,2026-04-30,,Good for when music is too much
En-US-201,Endel,US,5,2026-04-30,focus/work,Please update
En-US-202,Endel,US,5,2026-04-29,sleep,Can’t sleep or read without it
En-US-203,Endel,US,1,2026-04-29,adhd/neurodivergent,"Scam, taking advantage of people with ADHD"
En-US-204,Endel,US,1,2026-04-29,,Give my money back
En-US-205,Endel,US,1,2026-04-29,,Scam af
En-US-206,Endel,US,1,2026-04-28,,Negative 5star
En-US-207,Endel,US,5,2026-04-28,,I love this
En-US-208,Endel,US,1,2026-04-28,,Liars
En-US-209,Endel,US,4,2026-04-28,adhd/neurodivergent,ADHD regulator!
En-US-210,Endel,US,2,2026-04-28,focus/work,"Latest Mac release is a catchup, not a well designed product"
En-US-211,Endel,US,1,2026-04-28,,It worth it
En-US-212,Endel,US,1,2026-04-28,focus/work,Doesn’t work
En-US-213,Endel,US,2,2026-04-27,,A well designed music playlist that requires another subscription?
En-US-214,Endel,US,1,2026-04-27,,Waste of money
En-US-215,Endel,US,1,2026-04-25,,Trash
En-US-216,Endel,US,5,2026-04-24,,Wonderful
En-US-217,Endel,US,1,2026-04-23,general ambience/background,Hard to use
En-US-218,Endel,US,1,2026-04-23,,Scam
En-US-219,Endel,US,5,2026-04-21,adhd/neurodivergent,Phenomenal
En-US-220,Endel,US,3,2026-04-21,,Poor experience on MacBook
En-US-221,Endel,US,3,2026-04-20,,Audio is not quality
En-US-222,Endel,US,5,2026-04-19,,Free Plan
En-US-223,Endel,US,1,2026-04-19,,Trap
En-US-224,Endel,US,5,2026-04-17,meditation/mindfulness,Absolutely Wonderful
En-US-225,Endel,US,5,2026-04-17,sleep,Very helpful sound
En-US-226,Endel,US,1,2026-04-15,,I cancelled the free trial and they charged me $119 anyway
En-US-227,Endel,US,1,2026-04-15,adhd/neurodivergent,AI garbage
En-US-228,Endel,US,1,2026-04-15,,Premium Account tho not on desktop app
En-US-229,Endel,US,1,2026-04-15,,No communication no refund
En-US-230,Endel,US,1,2026-04-15,,Scam!
En-US-231,Endel,US,1,2026-04-14,,False Advertisment
En-US-232,Endel,US,1,2026-04-14,,Didn’t get to use it
En-US-233,Endel,US,1,2026-04-14,focus/work,Don’t Do It
En-US-234,Endel,US,2,2026-04-14,adhd/neurodivergent,Confusing to cancel
En-US-235,Endel,US,5,2026-04-14,sleep,I wish I had the money
En-US-236,Endel,US,1,2026-04-14,,Poor Subscription Practices
En-US-237,Endel,US,5,2026-04-13,,This is so good!
En-US-238,Endel,US,4,2026-04-11,study/schoolwork,I stopped listening to music
En-US-239,Endel,US,2,2026-04-11,,Beware of “trial period”
En-US-240,Endel,US,2,2026-04-09,,Unimpressed
En-US-241,Endel,US,1,2026-04-09,,Seems like a cool idea however …
En-US-242,Endel,US,1,2026-04-08,,False advertising
En-US-243,Endel,US,5,2026-04-07,,Lovely Little App
En-US-244,Endel,US,2,2026-04-07,focus/work,Turns on *any time* Bluetooth is connected
En-US-245,Endel,US,1,2026-04-06,,Scammers
En-US-246,Endel,US,5,2026-04-06,adhd/neurodivergent,A Saving Grace
En-US-247,Endel,US,1,2026-04-05,,Trial and charged
En-US-248,Endel,US,1,2026-04-05,,Opportunistic money grab tactics
En-US-249,Endel,US,1,2026-04-04,,!! FRAUD !!
En-US-250,Endel,US,1,2026-04-04,,Do not download
En-US-251,Endel,US,1,2026-04-03,,SCAM DONT DO FREE TRIAL
En-US-252,Endel,US,1,2026-04-03,,App is a scam
En-US-253,Endel,US,1,2026-04-03,,Scam
En-US-254,Endel,US,5,2026-04-03,anxiety/stress,Best focus app
En-US-255,Endel,US,1,2026-04-02,,SHADY BILLING - Send the statement below to your bank and dispute the unauthorized charge!
En-US-256,Endel,US,2,2026-04-02,adhd/neurodivergent,Nope
En-US-257,Endel,US,5,2026-04-02,,Best app
En-US-258,Endel,US,3,2026-04-02,sleep,Stops playing after 10 minutes
En-US-259,Endel,US,1,2026-04-02,,Charged my card.
En-US-260,Endel,US,1,2026-04-01,,Too expensive and won't stop trying to bill me
En-US-261,Endel,US,1,2026-03-31,,Free trial
En-US-262,Endel,US,5,2026-03-30,relax/unwind/calm-down,Relaxing
En-US-263,Endel,US,1,2026-03-30,,Deceptive Billing Practices
En-US-264,Endel,US,1,2026-03-30,,Scam Beware
En-US-265,Endel,US,5,2026-03-28,adhd/neurodivergent,Unexpected Must Have
En-US-266,Endel,US,1,2026-03-28,,Charge even if cancel
En-US-267,Endel,US,1,2026-03-28,,False advertising
En-US-268,Endel,US,1,2026-03-28,adhd/neurodivergent,Not very well explained on FB
En-US-269,Endel,US,5,2026-03-27,,The best
En-US-270,Endel,US,3,2026-03-27,sleep,Weird sounds during sleep
En-US-271,Endel,US,1,2026-03-27,,Don’t do it
En-US-272,Endel,US,5,2026-03-27,sleep,AirPlay now broken
En-US-273,Endel,US,5,2026-03-27,sleep,THE BEST — Focus on demand!
En-US-274,Endel,US,1,2026-03-27,,False Advertising Scum
En-US-275,Endel,US,3,2026-03-26,adhd/neurodivergent,Pay to use
En-US-276,Endel,US,5,2026-03-26,adhd/neurodivergent,8D sounds in ads not in app
En-US-277,Endel,US,5,2026-03-25,focus/work,Get’s me through the workday
En-US-278,Endel,US,1,2026-03-25,,Unable to cancel after “free” trial!
En-US-279,Endel,US,1,2026-03-25,relax/unwind/calm-down,Scam
En-US-280,Endel,US,1,2026-03-24,,Scam
En-US-281,Endel,US,1,2026-03-24,,Don’t do it
En-US-282,Endel,US,2,2026-03-24,,Disappointment
En-US-283,Endel,US,1,2026-03-24,adhd/neurodivergent,False advertising
En-US-284,Endel,US,5,2026-03-23,adhd/neurodivergent,Love it_1 suggestion/request
En-US-285,Endel,US,2,2026-03-23,,Expensive
En-US-286,Endel,US,3,2026-03-23,focus/work,Good but
En-US-287,Endel,US,1,2026-03-23,,7-day Trial?
En-US-288,Endel,US,3,2026-03-23,adhd/neurodivergent,Interesting but wasn’t compelled to subscribe
En-US-289,Endel,US,2,2026-03-23,adhd/neurodivergent,Ads?
En-US-290,Endel,US,3,2026-03-22,,Confused
En-US-291,Endel,US,5,2026-03-22,,Sound waves massage my brain
En-US-292,Endel,US,1,2026-03-22,,$10 for a Spotify playlist
En-US-293,Endel,US,1,2026-03-21,,Free Trial is a scam
En-US-294,Endel,US,1,2026-03-21,,No free basic plan
En-US-295,Endel,US,1,2026-03-21,adhd/neurodivergent,Feels scammy
En-US-296,Endel,US,1,2026-03-19,,Tried the app it billed and did not show in Apple Subscriptions
En-US-297,Endel,US,5,2026-03-19,adhd/neurodivergent,very versatile use
En-US-298,Endel,US,5,2026-03-19,relax/unwind/calm-down,EMS Approved
En-US-299,Endel,US,1,2026-03-18,adhd/neurodivergent,Horrible
En-DE-000,Endel,DE,1,2026-08-30,,Nervende Werbung  !!
En-DE-001,Endel,DE,1,2026-08-30,sleep,Always the same
En-DE-002,Endel,DE,1,2026-08-28,,Nervt mit Eigenwerbung und noch teureren Abos
En-DE-003,Endel,DE,3,2026-08-25,relax/unwind/calm-down,A focus app that keeps distracting you
En-DE-004,Endel,DE,1,2026-08-23,adhd/neurodivergent,Annoying lifetime ads
En-DE-005,Endel,DE,2,2026-08-20,,Aufdringliche Werbung
En-DE-006,Endel,DE,4,2026-08-19,,Super aber nerviges Up-selling
En-DE-007,Endel,DE,1,2026-08-11,,Attempted to charge after cancellation
En-DE-008,Endel,DE,5,2026-08-01,,5
En-DE-009,Endel,DE,1,2026-07-28,,Evertime I open the app there is advertising
En-DE-010,Endel,DE,2,2026-07-28,,Apps leave a lot to be desired
En-DE-011,Endel,DE,1,2026-07-27,,Kündigen nicht möglich
En-DE-012,Endel,DE,1,2026-07-25,,Kündigung nicht möglich
En-DE-013,Endel,DE,1,2026-07-16,focus/work,Annoying
En-DE-014,Endel,DE,4,2026-07-08,sleep,Für mich die richtige App
En-DE-015,Endel,DE,1,2026-07-05,,Musik aus dem Werbung ist nicht in der App verfugbar
En-DE-016,Endel,DE,1,2026-06-27,,Current MacOS App horrible UX
En-DE-017,Endel,DE,4,2026-06-26,,Werbung nervt
En-DE-018,Endel,DE,5,2026-06-21,sleep,Schlafen
En-DE-019,Endel,DE,5,2026-06-14,,Допомогло
En-DE-020,Endel,DE,2,2026-06-12,,Werbung für Abo trotz aktivem Abo
En-DE-021,Endel,DE,2,2026-06-11,sleep,Huge Fan BUT
En-DE-022,Endel,DE,1,2026-06-10,,Absolute Frechheit
En-DE-023,Endel,DE,1,2026-06-01,,Nervig ohne Ende
En-DE-024,Endel,DE,5,2026-05-26,,Super 🤩
En-DE-025,Endel,DE,5,2026-05-22,anxiety/stress,Amazing App!
En-DE-026,Endel,DE,4,2026-05-21,,8D Odyssee
En-DE-027,Endel,DE,5,2026-05-21,study/schoolwork,Arbeit ohne Endel undenkbar
En-DE-028,Endel,DE,1,2026-05-03,,Gesundheitsdaten werden nicht geladen
En-DE-029,Endel,DE,5,2026-04-30,sleep,Einfach perfekt
En-DE-030,Endel,DE,2,2026-04-27,,Uplift nutzlos geworden
En-DE-031,Endel,DE,1,2026-04-20,focus/work,"Decent Service, terrible Mac App"
En-DE-032,Endel,DE,1,2026-04-15,adhd/neurodivergent,"Stop the intrusive lifetime ads, at every startup (again, they are back, I already have premium!)"
En-DE-033,Endel,DE,2,2026-04-14,,Missglücktes Redesign
En-DE-034,Endel,DE,1,2026-04-10,,Funktionen nur bei bezahlen
En-DE-035,Endel,DE,5,2026-04-09,,Best app ever! (for me)
En-DE-036,Endel,DE,1,2026-04-09,,:-(
En-DE-037,Endel,DE,1,2026-04-08,adhd/neurodivergent,Not like the ads
En-DE-038,Endel,DE,5,2026-04-06,,Just Amazing!
En-DE-039,Endel,DE,1,2026-04-01,focus/work,"Upgrade didn’t work, paid for nothing"
En-DE-040,Endel,DE,1,2026-04-01,,Power Nap Funktion weg
En-DE-041,Endel,DE,1,2026-03-22,,Werbung trotz Premium. Bye bye
En-DE-042,Endel,DE,1,2026-03-16,,Die 1001‘ste App für die man ein Abbo benötigt
En-DE-043,Endel,DE,1,2026-03-11,,Electron (Web) App
En-DE-044,Endel,DE,2,2026-03-09,,Low quality update
En-DE-045,Endel,DE,5,2026-03-09,relax/unwind/calm-down,Just AMAZING
En-DE-046,Endel,DE,5,2026-03-06,focus/work,Sehr gut.
En-DE-047,Endel,DE,5,2026-03-06,focus/work,Länger als 5 Min. konzentrieren nicht drin?
En-DE-048,Endel,DE,5,2026-03-05,focus/work,⭐️⭐️⭐️⭐️⭐️ Habe lange auf die Mac-Version gewartet
En-DE-049,Endel,DE,5,2026-03-05,,Finally!
En-DE-050,Endel,DE,4,2026-03-01,,"Gut, aber…"
En-DE-051,Endel,DE,1,2026-02-18,sleep,Short session or pay for only sounds
En-DE-052,Endel,DE,1,2026-02-11,,So langsam unbenutzbar
En-DE-053,Endel,DE,5,2026-02-10,sleep,Perfektionierter Schlaf im Schichtdienst
En-DE-054,Endel,DE,5,2026-02-09,anxiety/stress,Trägt für mich nachweisbar zur Entspannung bei
En-DE-055,Endel,DE,3,2026-02-02,,no updates
En-DE-056,Endel,DE,5,2026-01-27,sleep,Top
En-DE-057,Endel,DE,5,2026-01-25,relax/unwind/calm-down,Großartig!
En-DE-058,Endel,DE,3,2026-01-19,,"Nice, but!"
En-DE-059,Endel,DE,2,2026-01-07,,"iPhone app is great, Mac app needs an update"
En-DE-060,Endel,DE,5,2025-12-26,,They lost their way…
En-DE-061,Endel,DE,1,2025-12-18,,"1,8 GB + nerviges Login"
En-DE-062,Endel,DE,1,2025-12-17,relax/unwind/calm-down,Werbung trotz Premium
En-DE-063,Endel,DE,2,2025-12-15,,Leider viel zu teuer
En-DE-064,Endel,DE,3,2025-12-10,,"It’s a glorified Spotify playlist, with random reverb and delay modulation"
En-DE-065,Endel,DE,1,2025-12-07,,Clickbait Instagram Werbung
En-DE-066,Endel,DE,1,2025-12-04,,Problem mit bestehendem Abonnement und ständiger Abo-Aufforderung
En-DE-067,Endel,DE,5,2025-12-03,relax/unwind/calm-down,Great App!
En-DE-068,Endel,DE,2,2025-12-01,sleep,It really works. The app is horrible.
En-DE-069,Endel,DE,5,2025-11-27,,Monatlich oder wöchentlich
En-DE-070,Endel,DE,1,2025-11-22,,"Grundsätzlich gut, aber…"
En-DE-071,Endel,DE,5,2025-11-13,relax/unwind/calm-down,Update
En-DE-072,Endel,DE,1,2025-11-09,,Gelöscht ohne auszuprobieren
En-DE-073,Endel,DE,5,2025-11-07,,Warum
En-DE-074,Endel,DE,5,2025-11-05,anxiety/stress,It’s such a beautiful app
En-DE-075,Endel,DE,3,2025-11-03,focus/work,Great but bug since update
En-DE-076,Endel,DE,5,2025-10-30,relax/unwind/calm-down,"Studium, Entspannen und Lesen - nie mehr ohne Endel"
En-DE-077,Endel,DE,3,2025-10-20,focus/work,Great app but only on iPhone
En-DE-078,Endel,DE,5,2025-10-16,,Lieblings-App
En-DE-079,Endel,DE,5,2025-10-15,focus/work,Finde ENDEL Richtig klasse!
En-DE-080,Endel,DE,1,2025-10-14,,Schlechte Qualität
En-DE-081,Endel,DE,5,2025-10-12,sleep,Die beste App für alles rund um Schlaf Bewegung zur Ruhe kommen
En-DE-082,Endel,DE,2,2025-10-12,relax/unwind/calm-down,"Great App, Terrible Support"
En-DE-083,Endel,DE,5,2025-10-10,,App gut
En-DE-084,Endel,DE,2,2025-10-07,sleep,Sleep Timer
En-DE-085,Endel,DE,5,2025-10-06,anxiety/stress,OMG
En-DE-086,Endel,DE,5,2025-09-29,relax/unwind/calm-down,The app that makes you feel a main character
En-DE-087,Endel,DE,1,2025-09-27,,Abofalle
En-DE-088,Endel,DE,5,2025-09-23,,Top…!
En-DE-089,Endel,DE,3,2025-09-15,,Still not on par with the iOS app :/
En-DE-090,Endel,DE,5,2025-09-09,relax/unwind/calm-down,Will es nicht mehr missen
En-DE-091,Endel,DE,1,2025-09-07,,Scam
En-DE-092,Endel,DE,1,2025-09-02,,Störend Werbeeinblendung
En-DE-093,Endel,DE,5,2025-08-29,relax/unwind/calm-down,"Tolle App, aber…."
En-DE-094,Endel,DE,5,2025-08-23,sleep,Wonderful App
En-DE-095,Endel,DE,1,2025-08-19,relax/unwind/calm-down,Abzocke
En-DE-096,Endel,DE,1,2025-08-13,focus/work,Scam
En-DE-097,Endel,DE,5,2025-08-13,,Für die sich es wert sind
En-DE-098,Endel,DE,4,2025-08-11,,Sehr angenehmes Erlebnis
En-DE-099,Endel,DE,3,2025-08-07,anxiety/stress,Too limited to be helpful
En-DE-100,Endel,DE,3,2025-08-06,,Block apps on mac would be great
En-DE-101,Endel,DE,1,2025-08-02,,Scam
En-DE-102,Endel,DE,5,2025-08-01,,Habe ADHS und love it
En-DE-103,Endel,DE,5,2025-07-31,relax/unwind/calm-down,"No feed, no scroll. Unwind, relax."
En-DE-104,Endel,DE,1,2025-07-30,focus/work,Nosy app
En-DE-105,Endel,DE,5,2025-07-28,sleep,Anytime and all Ways..
En-DE-106,Endel,DE,1,2025-07-26,,Betrug
En-DE-107,Endel,DE,5,2025-07-13,,Top ich hab’s schon vor Jahren gekauft
En-DE-108,Endel,DE,2,2025-07-10,,Leider auf Abo Basis
En-DE-109,Endel,DE,4,2025-07-09,sleep,Gut aber…
En-DE-110,Endel,DE,5,2025-07-09,,Free Edition
En-DE-111,Endel,DE,1,2025-07-03,adhd/neurodivergent,Timer is now premium?!
En-DE-112,Endel,DE,4,2025-07-03,,Zu viel für mein Handy
En-DE-113,Endel,DE,1,2025-07-02,relax/unwind/calm-down,Abo Falle
En-DE-114,Endel,DE,1,2025-07-01,,Horrible UI
En-DE-115,Endel,DE,1,2025-06-26,,Beware
En-DE-116,Endel,DE,4,2025-06-25,study/schoolwork,FOCUS nervt mit der Zeit
En-DE-117,Endel,DE,2,2025-06-25,adhd/neurodivergent,Lifetime ads suck - still not fixed
En-DE-118,Endel,DE,2,2025-06-21,relax/unwind/calm-down,Sytsemabsturz meines Handys
En-DE-119,Endel,DE,5,2025-06-20,,Wow
En-DE-120,Endel,DE,5,2025-06-20,relax/unwind/calm-down,"Fokus, Flow und feiner Sound."
En-DE-121,Endel,DE,1,2025-06-17,relax/unwind/calm-down,KI Stimme für 60€
En-DE-122,Endel,DE,4,2025-06-15,focus/work,"Great Focus Modes, Background Sounds Could Improve"
En-DE-123,Endel,DE,4,2025-06-10,tinnitus/noise-masking,UI is frustrating to navigate
En-DE-124,Endel,DE,5,2025-05-16,sleep,Enden
En-DE-125,Endel,DE,4,2025-05-07,study/schoolwork,Just missing some features
En-DE-126,Endel,DE,1,2025-05-05,,Abo abgeschlossen statt Testversion
En-DE-127,Endel,DE,1,2025-05-04,,Enttäuschung Pur
En-DE-128,Endel,DE,1,2025-04-30,,Frustrating Subscription Experience with Limited Access
En-DE-129,Endel,DE,1,2025-04-30,,Alles kostet jetzt Geld!
En-DE-130,Endel,DE,4,2025-04-21,study/schoolwork,confusing interface
En-DE-131,Endel,DE,1,2025-04-17,,Nope
En-DE-132,Endel,DE,4,2025-04-17,,Man braucht nicht immer ein Abo
En-DE-133,Endel,DE,2,2025-04-14,,Verwirrendes UX
En-DE-134,Endel,DE,5,2025-04-14,anxiety/stress,Stressbewältigung
En-DE-135,Endel,DE,1,2025-04-09,,Warnung - Gratiszeitraum Scam
En-DE-136,Endel,DE,1,2025-04-06,general ambience/background,Annoying App
En-DE-137,Endel,DE,1,2025-03-31,,BETRUG
En-DE-138,Endel,DE,1,2025-03-30,,Hilfreich
En-DE-139,Endel,DE,3,2025-03-28,focus/work,App ok - Preismodell naja
En-DE-140,Endel,DE,5,2025-03-26,,Beautiful
En-DE-141,Endel,DE,4,2025-03-25,focus/work,Gut aber abgespeckt
En-DE-142,Endel,DE,1,2025-03-22,relax/unwind/calm-down,Ich habe mir Entspannung erhofft.
En-DE-143,Endel,DE,5,2025-03-18,,Beste App
En-DE-144,Endel,DE,1,2025-03-12,,Jahresbeitrag verdoppelt
En-DE-145,Endel,DE,5,2025-03-08,sleep,Jeden Tag in Benutzung
En-DE-146,Endel,DE,3,2025-03-03,,Okay
En-DE-147,Endel,DE,3,2025-03-03,,Schade
En-DE-148,Endel,DE,2,2025-03-01,,Techno Mixe
En-DE-149,Endel,DE,1,2025-02-28,sleep,Jahrelange Kontinuität
En-DE-150,Endel,DE,5,2025-02-26,adhd/neurodivergent,Helps a lot when you have adhd
En-DE-151,Endel,DE,3,2025-02-24,,Zu kompliziert
En-DE-152,Endel,DE,1,2025-02-22,sleep,War mal gut
En-DE-153,Endel,DE,4,2025-02-21,relax/unwind/calm-down,Irgendwie doch gut! Bin zurück und habe abonniert
En-DE-154,Endel,DE,5,2025-02-21,sleep,2025 - aktualisierte Klangwelten
En-DE-155,Endel,DE,3,2025-02-19,sleep,"Fancy Sounds, Effekt 0"
En-DE-156,Endel,DE,1,2025-02-16,,Asks for stars.
En-DE-157,Endel,DE,1,2025-02-14,,8D-Sound
En-DE-158,Endel,DE,5,2025-02-14,sleep,Helps me to nap and fall asleep
En-DE-159,Endel,DE,4,2025-02-14,,DEEPER FOKUS hält was er verspricht
En-DE-160,Endel,DE,1,2025-02-13,study/schoolwork,Contraire dem Ruhe/Konzentrationsversprechen
En-DE-161,Endel,DE,5,2025-02-10,,Just getting better and better
En-DE-162,Endel,DE,3,2025-02-08,,Sound problems
En-DE-163,Endel,DE,5,2025-02-01,sleep,Großer Fan
En-DE-164,Endel,DE,1,2025-02-01,,10 min Begrenzung
En-DE-165,Endel,DE,5,2025-01-30,reading/writing,Worth every penny
En-DE-166,Endel,DE,1,2025-01-27,,Zu viel Werbung
En-DE-167,Endel,DE,5,2025-01-23,adhd/neurodivergent,Loving it!!!
En-DE-168,Endel,DE,3,2025-01-21,adhd/neurodivergent,Super App zum Entspannen und fokussierteren Arbeiten
En-DE-169,Endel,DE,5,2025-01-16,adhd/neurodivergent,the best
En-DE-170,Endel,DE,1,2025-01-15,sleep,Früher Top! Heute pflicht Paywall nach 10 min…
En-DE-171,Endel,DE,1,2025-01-11,general ambience/background,Die App war früher echt toll
En-DE-172,Endel,DE,5,2024-12-18,relax/unwind/calm-down,"Entspannt, entstresst und konzentriert wie noch nie :-)"
En-DE-173,Endel,DE,3,2024-12-18,,Gut für Fokus
En-DE-174,Endel,DE,5,2024-12-16,focus/work,Deep Focus
En-DE-175,Endel,DE,5,2024-12-12,sleep,👍
En-DE-176,Endel,DE,5,2024-12-11,sleep,"Ich wusste nicht, dass ich diese App brauchte - nun unverzichtbar"
En-DE-177,Endel,DE,3,2024-12-09,,Crashed
En-DE-178,Endel,DE,3,2024-11-29,focus/work,Great Idea but execution is meh
En-DE-179,Endel,DE,4,2024-11-29,,Too many intro screens
En-DE-180,Endel,DE,4,2024-11-27,focus/work,Good app with a little issue for me
En-DE-181,Endel,DE,5,2024-11-24,sleep,Kann es nur empfehlen!
En-DE-182,Endel,DE,3,2024-11-18,relax/unwind/calm-down,Sehr entspannend!
En-DE-183,Endel,DE,1,2024-11-17,,Ansicht gute App
En-DE-184,Endel,DE,3,2024-11-11,focus/work,Kann die Klänge nur mit Kopfhörern hören
En-DE-185,Endel,DE,5,2024-11-08,adhd/neurodivergent,Life changer for ADHD“ers
En-DE-186,Endel,DE,5,2024-11-03,relax/unwind/calm-down,Wow
En-DE-187,Endel,DE,2,2024-11-02,sleep,Scam / Betrug
En-DE-188,Endel,DE,2,2024-11-01,,"Warum soll ich euer Abo kaufen, wenn ich’s as Produkt nicht testen kann?!"
En-DE-189,Endel,DE,5,2024-10-19,sleep,Ein wirklich gelungenes Programm
En-DE-190,Endel,DE,5,2024-10-13,,Ich liebs ABER
En-DE-191,Endel,DE,1,2024-10-10,,Geldmache
En-DE-192,Endel,DE,1,2024-09-23,,Kostenloses Probeabo
En-DE-193,Endel,DE,5,2024-09-22,,Endel in der Endlosschleife !
En-DE-194,Endel,DE,5,2024-09-19,,Top
En-DE-195,Endel,DE,1,2024-09-16,exercise/movement,Most boring run I ever had
En-DE-196,Endel,DE,5,2024-09-12,sleep,Jetzt geht was!
En-DE-197,Endel,DE,1,2024-09-10,,App dramatisch verschlechtert
En-DE-198,Endel,DE,5,2024-09-09,anxiety/stress,Hilft mir auch bei meiner bipolaren Störung!
En-DE-199,Endel,DE,5,2024-09-08,sleep,"Helps, but"
En-DE-200,Endel,DE,1,2024-08-27,,Nicht enden-wollende Fragestunde
En-DE-201,Endel,DE,1,2024-08-25,relax/unwind/calm-down,Keine Testphase?
En-DE-202,Endel,DE,1,2024-08-19,,Sinnlos
En-DE-203,Endel,DE,1,2024-08-19,,Zu teuer
En-DE-204,Endel,DE,1,2024-08-19,adhd/neurodivergent,Soundscapes OK - App annoying
En-DE-205,Endel,DE,1,2024-08-19,,"59,99€ pro Jahr."
En-DE-206,Endel,DE,3,2024-08-16,relax/unwind/calm-down,Voiceover Bedienung verbessern
En-DE-207,Endel,DE,1,2024-08-15,reading/writing,It is a scam! The trial toggle disables before hitting accept
En-DE-208,Endel,DE,2,2024-08-08,,Enttäuscht
En-DE-209,Endel,DE,4,2024-08-07,,Great app with some flaws
En-DE-210,Endel,DE,5,2024-08-01,focus/work,Unbelievable
En-DE-211,Endel,DE,1,2024-07-28,,Very buggy and confusing user experience
En-DE-212,Endel,DE,1,2024-07-21,,Ich möchte mich nicht verbessern … warum sollte ich mich verbessern?
En-DE-213,Endel,DE,2,2024-06-22,,Eigentlich super
En-DE-214,Endel,DE,1,2024-06-17,,Probe Abo gekündigt Abo läuft weiter
En-DE-215,Endel,DE,1,2024-06-12,,"app is not Accessible  with assistive technology, such as voiceover"
En-DE-216,Endel,DE,5,2024-06-12,tinnitus/noise-masking,Danke!
En-DE-217,Endel,DE,5,2024-06-05,tinnitus/noise-masking,Unverzichtbar für Stress geplagte…
En-DE-218,Endel,DE,4,2024-05-29,,Smart Alarm
En-DE-219,Endel,DE,5,2024-05-28,sleep,"Liebe es, aber wo ist der Flugzeug - Modus?"
En-DE-220,Endel,DE,5,2024-05-27,sleep,Very nice app for cool seamless white noise
En-DE-221,Endel,DE,2,2024-05-20,,Jahres Abo gekauft. Ein Tag später stürzt die App ab und lässt sich nicht mehr starten.
En-DE-222,Endel,DE,5,2024-04-20,,Happy and calm
En-DE-223,Endel,DE,2,2024-04-09,,Money grab
En-DE-224,Endel,DE,1,2024-04-02,relax/unwind/calm-down,"Gute Werbung, aber schlechte Umsetzung"
En-DE-225,Endel,DE,2,2024-03-13,,Eigentlich eine schöne App
En-DE-226,Endel,DE,5,2024-03-02,relax/unwind/calm-down,Hilfreich aber manchmal verwirrend
En-DE-227,Endel,DE,1,2024-02-19,,Kann ich nix mit anfangen
En-DE-228,Endel,DE,5,2024-02-12,,meine eigene meinung‼️
En-DE-229,Endel,DE,3,2024-02-02,,"Tolle App, aber…"
En-DE-230,Endel,DE,4,2024-01-25,study/schoolwork,Rabatt für Studenten in Germany? JA
En-DE-231,Endel,DE,5,2024-01-18,,"Jahrelange Kopfschmerzen sind weg, ich habe geweint!"
En-DE-232,Endel,DE,5,2023-12-29,general ambience/background,Works extremely good
En-DE-233,Endel,DE,1,2023-12-17,,"Betrug, keine Probezeit"
En-DE-234,Endel,DE,5,2023-12-07,sleep,Game changer
En-DE-235,Endel,DE,3,2023-12-04,,The app icon 😂
En-DE-236,Endel,DE,1,2023-12-02,,Stürzt ständig ab.
En-DE-237,Endel,DE,2,2023-11-24,,👎Pro Version und ständig Werbe-Einblendung
En-DE-238,Endel,DE,1,2023-11-14,sleep,Fühle mich abgezockt
En-DE-239,Endel,DE,3,2023-11-14,,Da geht noch was
En-DE-240,Endel,DE,1,2023-11-01,sleep,"Sorry devs, but this app is useless"
En-DE-241,Endel,DE,2,2023-10-31,,Spamt einen zu mit Kaufaufforderungen
En-DE-242,Endel,DE,5,2023-10-30,adhd/neurodivergent,Es hilft so sehr!
En-DE-243,Endel,DE,5,2023-10-25,study/schoolwork,Love!!!
En-DE-244,Endel,DE,5,2023-10-22,sleep,Endel macht Lust auf mehr!
En-DE-245,Endel,DE,1,2023-10-21,,achtung abzocke!
En-DE-246,Endel,DE,1,2023-10-18,,Keine Kostenlosen Klangwelten mehr verfügbar
En-DE-247,Endel,DE,1,2023-10-14,,Vorsicht abzocke!
En-DE-248,Endel,DE,1,2023-10-14,,Abzocke
En-DE-249,Endel,DE,3,2023-10-11,relax/unwind/calm-down,Pretty but confusing UI
En-DE-250,Endel,DE,4,2023-10-02,,Komische Abrechnung trotz Lifetimesubscription
En-DE-251,Endel,DE,1,2023-10-02,,Sound wird ständig unterbrochen
En-DE-252,Endel,DE,4,2023-09-30,relax/unwind/calm-down,Super App! nur eine Sache fehlt
En-DE-253,Endel,DE,5,2023-09-26,,Def
En-DE-254,Endel,DE,1,2023-08-27,focus/work,Leider auch direkt bezahlt
En-DE-255,Endel,DE,2,2023-08-01,sleep,Neue App ist eine Katastrophe
En-DE-256,Endel,DE,4,2023-07-21,,Wird immer besser...
En-DE-257,Endel,DE,1,2023-07-12,,Abzocke
En-DE-258,Endel,DE,4,2023-07-11,adhd/neurodivergent,Great focus music
En-DE-259,Endel,DE,2,2023-07-08,,"Great on my Phone, but macOS support is lacking"
En-DE-260,Endel,DE,5,2023-07-06,sleep,Für ADHSler super!
En-DE-261,Endel,DE,5,2023-06-25,meditation/mindfulness,Wird immer besser
En-DE-262,Endel,DE,1,2023-06-21,,Kostenloser Download dann Abo!!!
En-DE-263,Endel,DE,5,2023-06-05,,Endel Beste
En-DE-264,Endel,DE,1,2023-06-05,study/schoolwork,"Fake free trial, uninspiring product"
En-DE-265,Endel,DE,3,2023-05-31,,Bis zum letzten Update zuverlässig
En-DE-266,Endel,DE,3,2023-05-22,,Funktioniert teilweise
En-DE-267,Endel,DE,1,2023-05-13,,Installation nicht mehr möglich
En-DE-268,Endel,DE,5,2023-05-03,sleep,"Wunderbare App, eigentlich…."
En-DE-269,Endel,DE,1,2023-04-22,,nur macOS 12
En-DE-270,Endel,DE,3,2023-04-16,,Windows & Bluetooth naja
En-DE-271,Endel,DE,5,2023-03-27,,Nature elements
En-DE-272,Endel,DE,5,2023-03-26,,In love
En-DE-273,Endel,DE,2,2023-03-15,sleep,Entwickelt sich in die falsche Richtung
En-DE-274,Endel,DE,1,2023-03-14,,Funktioniert auf dem iPhone 11 Pro nicht.
En-DE-275,Endel,DE,2,2023-03-11,relax/unwind/calm-down,Leider vieles in Englisch
En-DE-276,Endel,DE,1,2023-02-11,,Sound-Fehler auf aTV + homePOD
En-DE-277,Endel,DE,4,2023-02-11,sleep,Sehr gute App!
En-DE-278,Endel,DE,5,2023-02-10,,"Apple Watch, nun wieder mit Funktion, danke"
En-DE-279,Endel,DE,5,2023-02-06,,Wirklich großartig
En-DE-280,Endel,DE,5,2023-02-05,,Toll gemachte App mit kleiner Einschränkung
En-DE-281,Endel,DE,5,2023-02-01,sleep,Wirklich super!
En-DE-282,Endel,DE,5,2023-01-09,,Top!👌🏻
En-DE-283,Endel,DE,3,2022-12-29,sleep,"Grundsätzlich nicht schlecht, nicht vollständig durchdacht, nervtötendes Marketing"
En-DE-284,Endel,DE,1,2022-12-27,sleep,Abofalle
En-DE-285,Endel,DE,4,2022-12-25,tinnitus/noise-masking,"Super, aber noch einen Wunsch"
En-DE-286,Endel,DE,3,2022-12-14,focus/work,"Great app in general, but some compositions - horrible!"
En-DE-287,Endel,DE,1,2022-12-13,,Useless
En-DE-288,Endel,DE,2,2022-12-08,,Functionality reduced
En-DE-289,Endel,DE,5,2022-12-07,sleep,Better sleeping
En-DE-290,Endel,DE,3,2022-12-07,sleep,Gut gemacht.
En-DE-291,Endel,DE,3,2022-12-07,,App reagiert sehr träge
En-DE-292,Endel,DE,4,2022-12-06,study/schoolwork,Gratis 14 Tage
En-DE-293,Endel,DE,1,2022-11-26,,Total Entäuscht
En-DE-294,Endel,DE,5,2022-11-22,focus/work,Ein Gewinn für die Achtsamkeit
En-DE-295,Endel,DE,4,2022-11-16,anxiety/stress,Entspannt
En-DE-296,Endel,DE,5,2022-11-15,sleep,Helps to stay calm and collected
En-DE-297,Endel,DE,3,2022-11-14,,extremely confusing ux
En-DE-298,Endel,DE,1,2022-11-07,sleep,Eintönige Klänge
En-DE-299,Endel,DE,2,2022-10-21,,Totally Overloaded
Br-US-000,Brain.fm,US,3,2026-08-28,focus/work,It’s just music.
Br-US-001,Brain.fm,US,5,2026-08-25,focus/work,Changing lives
Br-US-002,Brain.fm,US,5,2026-08-23,focus/work,My essentials.
Br-US-003,Brain.fm,US,5,2026-08-21,sleep,Great
Br-US-004,Brain.fm,US,3,2026-08-17,sleep,Helpful but app needs refinement
Br-US-005,Brain.fm,US,1,2026-08-17,,Spam mail
Br-US-006,Brain.fm,US,5,2026-08-17,,Optimal performance
Br-US-007,Brain.fm,US,5,2026-08-17,sleep,A Game Changer for Studying
Br-US-008,Brain.fm,US,5,2026-08-13,sleep,Amazing app
Br-US-009,Brain.fm,US,5,2026-08-09,focus/work,This app is awesome !
Br-US-010,Brain.fm,US,5,2026-08-09,focus/work,Wonderful to match the task
Br-US-011,Brain.fm,US,5,2026-08-07,relax/unwind/calm-down,School and chill
Br-US-012,Brain.fm,US,1,2026-08-04,,99$ and what??
Br-US-013,Brain.fm,US,1,2026-08-03,,No trial without subscription
Br-US-014,Brain.fm,US,4,2026-08-02,,It delivers
Br-US-015,Brain.fm,US,5,2026-08-01,adhd/neurodivergent,I have ADHD. Worth every penny
Br-US-016,Brain.fm,US,1,2026-07-27,,Purchase
Br-US-017,Brain.fm,US,5,2026-07-24,sleep,Pure Gold!
Br-US-018,Brain.fm,US,5,2026-07-22,sleep,Worth it
Br-US-019,Brain.fm,US,5,2026-07-22,adhd/neurodivergent,My brain needs Brain.fm daily to focus
Br-US-020,Brain.fm,US,2,2026-07-21,focus/work,Crazy expensive
Br-US-021,Brain.fm,US,5,2026-07-19,sleep,Worth the cost
Br-US-022,Brain.fm,US,4,2026-07-17,,So close!
Br-US-023,Brain.fm,US,5,2026-07-15,adhd/neurodivergent,MUST HAVR
Br-US-024,Brain.fm,US,5,2026-07-15,adhd/neurodivergent,Love this
Br-US-025,Brain.fm,US,1,2026-07-13,,Subscription
Br-US-026,Brain.fm,US,2,2026-07-12,adhd/neurodivergent,Not worth the cost
Br-US-027,Brain.fm,US,5,2026-07-10,focus/work,Great company and product
Br-US-028,Brain.fm,US,5,2026-07-09,study/schoolwork,Worth the hype
Br-US-029,Brain.fm,US,3,2026-07-08,exercise/movement,Bring back workout mode!!! Please!!!
Br-US-030,Brain.fm,US,5,2026-07-07,relax/unwind/calm-down,Great study tool
Br-US-031,Brain.fm,US,1,2026-07-06,adhd/neurodivergent,This isn’t for everyone
Br-US-032,Brain.fm,US,5,2026-06-29,sleep,Returning User
Br-US-033,Brain.fm,US,5,2026-06-26,study/schoolwork,My go-to study tool
Br-US-034,Brain.fm,US,4,2026-06-26,focus/work,Works but gets playback error
Br-US-035,Brain.fm,US,5,2026-06-18,,|  insane buff
Br-US-036,Brain.fm,US,5,2026-06-15,adhd/neurodivergent,Super Helpful
Br-US-037,Brain.fm,US,4,2026-06-14,,The paywalls
Br-US-038,Brain.fm,US,1,2026-06-11,,Beware
Br-US-039,Brain.fm,US,5,2026-06-07,focus/work,Genuinely helps
Br-US-040,Brain.fm,US,5,2026-06-06,study/schoolwork,Pretty great!
Br-US-041,Brain.fm,US,5,2026-06-05,anxiety/stress,Don’t think I need Apple Music
Br-US-042,Brain.fm,US,1,2026-06-05,anxiety/stress,Didn’t work at all.
Br-US-043,Brain.fm,US,2,2026-06-04,,Forced to pay a year
Br-US-044,Brain.fm,US,5,2026-05-28,sleep,Better sleep and focus
Br-US-045,Brain.fm,US,2,2026-05-28,,Sign in issue
Br-US-046,Brain.fm,US,5,2026-05-27,focus/work,Your Go-to for both Deep Focus and Napping!
Br-US-047,Brain.fm,US,3,2026-05-27,focus/work,I Really Wanted to Like It…
Br-US-048,Brain.fm,US,1,2026-05-23,,Expensive and Hype
Br-US-049,Brain.fm,US,5,2026-05-17,sleep,Wayyyy better sleep!
Br-US-050,Brain.fm,US,5,2026-05-15,relax/unwind/calm-down,EXCEPTIONAL
Br-US-051,Brain.fm,US,5,2026-05-15,sleep,Best App for Achieving real flow state
Br-US-052,Brain.fm,US,5,2026-05-12,,So nice
Br-US-053,Brain.fm,US,5,2026-05-11,sleep,The Ideal Work Buddy
Br-US-054,Brain.fm,US,2,2026-05-08,adhd/neurodivergent,Used for YEARS but recently getting error message :(
Br-US-055,Brain.fm,US,5,2026-05-07,adhd/neurodivergent,ADHD Magic
Br-US-056,Brain.fm,US,5,2026-05-05,focus/work,Focus 10/10
Br-US-057,Brain.fm,US,4,2026-05-05,,Offline needed
Br-US-058,Brain.fm,US,1,2026-05-04,focus/work,Crashes on login
Br-US-059,Brain.fm,US,1,2026-04-29,adhd/neurodivergent,Purchase?!
Br-US-060,Brain.fm,US,3,2026-04-29,adhd/neurodivergent,Yes but no
Br-US-061,Brain.fm,US,5,2026-04-29,anxiety/stress,This helps!
Br-US-062,Brain.fm,US,2,2026-04-28,,Overpriced
Br-US-063,Brain.fm,US,5,2026-04-13,,Great app
Br-US-064,Brain.fm,US,5,2026-04-11,focus/work,Best focus audio app
Br-US-065,Brain.fm,US,1,2026-04-06,,AI generated elevator music
Br-US-066,Brain.fm,US,5,2026-04-05,sleep,Best sleep sounds
Br-US-067,Brain.fm,US,5,2026-04-01,adhd/neurodivergent,What I needed!
Br-US-068,Brain.fm,US,5,2026-03-26,adhd/neurodivergent,Definitely helps my ADHD focus issues at least a bit!
Br-US-069,Brain.fm,US,5,2026-03-26,study/schoolwork,A Simple Review
Br-US-070,Brain.fm,US,3,2026-03-25,adhd/neurodivergent,Jazz and Piano
Br-US-071,Brain.fm,US,2,2026-03-24,focus/work,Was great
Br-US-072,Brain.fm,US,5,2026-03-24,adhd/neurodivergent,I have ADHD and I use it daily!
Br-US-073,Brain.fm,US,5,2026-03-23,adhd/neurodivergent,Life-changing!!
Br-US-074,Brain.fm,US,5,2026-03-22,focus/work,The only thing that can keep me focused and on task
Br-US-075,Brain.fm,US,3,2026-03-20,,Great Music
Br-US-076,Brain.fm,US,5,2026-03-20,,It works
Br-US-077,Brain.fm,US,2,2026-03-18,,Like the app but…
Br-US-078,Brain.fm,US,1,2026-03-18,focus/work,Bruh
Br-US-079,Brain.fm,US,1,2026-03-17,,Renewal Issues
Br-US-080,Brain.fm,US,1,2026-03-11,,Deceptive
Br-US-081,Brain.fm,US,5,2026-03-10,focus/work,Helpful and new way for me to be able to focus in doing my work that needs deep concentration.
Br-US-082,Brain.fm,US,3,2026-03-08,meditation/mindfulness,Idea is great. Navigation wasn’t. Genre’s of Music Limited.
Br-US-083,Brain.fm,US,5,2026-03-07,,Lifesaver
Br-US-084,Brain.fm,US,5,2026-03-07,sleep,Amazing!
Br-US-085,Brain.fm,US,5,2026-03-06,adhd/neurodivergent,Great for anyone with ADHD
Br-US-086,Brain.fm,US,1,2026-03-05,,Don’t download
Br-US-087,Brain.fm,US,5,2026-03-05,,Attention span short?
Br-US-088,Brain.fm,US,1,2026-03-04,,Disappointed. Music Choppy. Team Slow to Respond
Br-US-089,Brain.fm,US,1,2026-02-26,,Crashes when I log in
Br-US-090,Brain.fm,US,5,2026-02-23,adhd/neurodivergent,Pleasantly Suprised!
Br-US-091,Brain.fm,US,5,2026-02-20,,I Never review apps lol
Br-US-092,Brain.fm,US,1,2026-02-19,,Stay far away from this app
Br-US-093,Brain.fm,US,3,2026-02-19,adhd/neurodivergent,No playback with other apps
Br-US-094,Brain.fm,US,5,2026-02-17,sleep,Game changer
Br-US-095,Brain.fm,US,5,2026-02-16,adhd/neurodivergent,Love brain
Br-US-096,Brain.fm,US,5,2026-02-15,adhd/neurodivergent,Try it!! Expensive but more than makes up for it in saved time!
Br-US-097,Brain.fm,US,3,2026-02-15,focus/work,Doesnt make sense that it costs more than youtube music
Br-US-098,Brain.fm,US,5,2026-02-13,focus/work,Awesome discovery!
Br-US-099,Brain.fm,US,5,2026-02-13,study/schoolwork,It works
Br-US-100,Brain.fm,US,1,2026-02-12,adhd/neurodivergent,Not for people with ADHD at all
Br-US-101,Brain.fm,US,1,2026-02-11,,"Buggy onboarding, too harsh paywall, overpriced"
Br-US-102,Brain.fm,US,2,2026-02-10,focus/work,Disorienting
Br-US-103,Brain.fm,US,1,2026-02-08,focus/work,It’s a waste of money
Br-US-104,Brain.fm,US,4,2026-02-04,focus/work,Really? Pay to focus?
Br-US-105,Brain.fm,US,1,2026-02-03,,Glitch makes me unable to use my subscription
Br-US-106,Brain.fm,US,5,2026-02-02,,WORTH IT!!
Br-US-107,Brain.fm,US,5,2026-01-27,study/schoolwork,Tune out the noise - perfect for a working professional
Br-US-108,Brain.fm,US,5,2026-01-26,relax/unwind/calm-down,"Works great, but missing an Apple Watch app"
Br-US-109,Brain.fm,US,1,2026-01-22,,It ain’t free
Br-US-110,Brain.fm,US,3,2026-01-22,anxiety/stress,Limited
Br-US-111,Brain.fm,US,5,2026-01-21,focus/work,Incredible!
Br-US-112,Brain.fm,US,5,2026-01-19,adhd/neurodivergent,It works
Br-US-113,Brain.fm,US,1,2026-01-19,,Too expensive subscription
Br-US-114,Brain.fm,US,5,2026-01-18,,Worth it
Br-US-115,Brain.fm,US,5,2026-01-14,focus/work,Amazing - Even My Manager Noticed a Change
Br-US-116,Brain.fm,US,1,2026-01-12,,"Music great, app terrible"
Br-US-117,Brain.fm,US,5,2026-01-11,adhd/neurodivergent,This app helped quicker than I thought
Br-US-118,Brain.fm,US,5,2026-01-10,reading/writing,It works. 👍🏼
Br-US-119,Brain.fm,US,5,2026-01-08,sleep,HRV recovery
Br-US-120,Brain.fm,US,5,2026-01-06,sleep,Really Helpful
Br-US-121,Brain.fm,US,5,2026-01-06,relax/unwind/calm-down,Great App
Br-US-122,Brain.fm,US,5,2025-12-24,reading/writing,It works!
Br-US-123,Brain.fm,US,5,2025-12-22,sleep,Focus is so much better
Br-US-124,Brain.fm,US,5,2025-12-19,sleep,110-week streak
Br-US-125,Brain.fm,US,3,2025-12-19,adhd/neurodivergent,Im a little confused..
Br-US-126,Brain.fm,US,5,2025-12-12,sleep,Focus and Sleep
Br-US-127,Brain.fm,US,5,2025-12-11,adhd/neurodivergent,THIS APP IS LITERAL MAGIC
Br-US-128,Brain.fm,US,3,2025-12-08,adhd/neurodivergent,Ads prefered
Br-US-129,Brain.fm,US,5,2025-12-07,anxiety/stress,Perfect multi use app
Br-US-130,Brain.fm,US,5,2025-11-30,adhd/neurodivergent,This really works!
Br-US-131,Brain.fm,US,5,2025-11-29,,Works
Br-US-132,Brain.fm,US,5,2025-11-24,adhd/neurodivergent,We need the Apple Watch app
Br-US-133,Brain.fm,US,5,2025-11-24,focus/work,Serious focus
Br-US-134,Brain.fm,US,5,2025-11-21,study/schoolwork,Worth it!!
Br-US-135,Brain.fm,US,4,2025-11-12,focus/work,"Consistent playback issues, but still love it"
Br-US-136,Brain.fm,US,2,2025-11-10,focus/work,Theres A Critical Flaw
Br-US-137,Brain.fm,US,1,2025-11-09,sleep,NOT FREE
Br-US-138,Brain.fm,US,5,2025-11-05,relax/unwind/calm-down,It has helped me so much
Br-US-139,Brain.fm,US,5,2025-11-02,focus/work,Great little focus music app
Br-US-140,Brain.fm,US,5,2025-10-29,relax/unwind/calm-down,Really helps me focus
Br-US-141,Brain.fm,US,1,2025-10-29,,Not free
Br-US-142,Brain.fm,US,5,2025-10-27,study/schoolwork,Data proven focus music
Br-US-143,Brain.fm,US,4,2025-10-23,anxiety/stress,Best focus music there is
Br-US-144,Brain.fm,US,5,2025-10-22,adhd/neurodivergent,STUDYING FOR HOURS!
Br-US-145,Brain.fm,US,1,2025-10-18,,"Beware of ""free"" trial"
Br-US-146,Brain.fm,US,5,2025-10-14,adhd/neurodivergent,Worth it!
Br-US-147,Brain.fm,US,5,2025-10-13,relax/unwind/calm-down,Brain.fm is better than any other music.
Br-US-148,Brain.fm,US,5,2025-10-10,focus/work,i would date this app
Br-US-149,Brain.fm,US,2,2025-10-10,,The mobile and web app are riddled with issues. Same 5 songs over and over.
Br-US-150,Brain.fm,US,5,2025-10-08,sleep,Yep. It works.
Br-US-151,Brain.fm,US,5,2025-10-06,focus/work,Indispensable
Br-US-152,Brain.fm,US,5,2025-10-03,focus/work,Love it
Br-US-153,Brain.fm,US,5,2025-10-03,sleep,"Focus, Relax, or Sleep. Brain.fm Does It All"
Br-US-154,Brain.fm,US,5,2025-10-01,,Smooth W/ It
Br-US-155,Brain.fm,US,5,2025-09-30,adhd/neurodivergent,Good for focus!
Br-US-156,Brain.fm,US,5,2025-09-26,adhd/neurodivergent,LETS GOOOOO
Br-US-157,Brain.fm,US,1,2025-09-25,,Email sign in crashes app iOS 26
Br-US-158,Brain.fm,US,2,2025-09-23,focus/work,"It works, music’s great. App: horrible"
Br-US-159,Brain.fm,US,4,2025-09-23,sleep,Awesome App
Br-US-160,Brain.fm,US,1,2025-09-23,adhd/neurodivergent,Bad app
Br-US-161,Brain.fm,US,1,2025-09-22,focus/work,Love but subscription won’t sync
Br-US-162,Brain.fm,US,5,2025-09-20,study/schoolwork,I Love This App
Br-US-163,Brain.fm,US,5,2025-09-19,adhd/neurodivergent,Hesitant at first. Use it every day now.
Br-US-164,Brain.fm,US,1,2025-09-15,,Keeps crashing
Br-US-165,Brain.fm,US,3,2025-09-15,,Needs HomePod support
Br-US-166,Brain.fm,US,2,2025-09-13,focus/work,Needs Work
Br-US-167,Brain.fm,US,1,2025-09-11,adhd/neurodivergent,AI Music
Br-US-168,Brain.fm,US,5,2025-09-10,adhd/neurodivergent,ADD Focus - 8 Week Streak
Br-US-169,Brain.fm,US,5,2025-09-09,study/schoolwork,Never Rated an App Before
Br-US-170,Brain.fm,US,2,2025-09-08,,I don’t like it’s made with AI HUGE TURN OFF
Br-US-171,Brain.fm,US,5,2025-09-06,adhd/neurodivergent,State of Mind
Br-US-172,Brain.fm,US,5,2025-08-19,adhd/neurodivergent,THIS IS THE BEST FOR FOCUSING!!
Br-US-173,Brain.fm,US,5,2025-08-17,reading/writing,Amazing
Br-US-174,Brain.fm,US,4,2025-08-03,adhd/neurodivergent,NOT FOR ALERT JOBS and maladaptive daydreamers
Br-US-175,Brain.fm,US,5,2025-08-01,adhd/neurodivergent,Amazing and Helps with my difficulties with focusing
Br-US-176,Brain.fm,US,5,2025-07-31,adhd/neurodivergent,Helps my ADHD and PTSD symptoms.
Br-US-177,Brain.fm,US,5,2025-07-25,exercise/movement,Suggestion for the Dev
Br-US-178,Brain.fm,US,3,2025-07-24,focus/work,"Helps with focus, but repetitive"
Br-US-179,Brain.fm,US,2,2025-07-23,,Payment Glitches Every Other Month
Br-US-180,Brain.fm,US,5,2025-07-14,,Life
Br-US-181,Brain.fm,US,3,2025-07-13,focus/work,Love the product. Can’t use right now
Br-US-182,Brain.fm,US,5,2025-07-10,adhd/neurodivergent,"No ads, just awesomeness"
Br-US-183,Brain.fm,US,5,2025-07-10,sleep,Sleep & Focus Improvement
Br-US-184,Brain.fm,US,1,2025-07-09,,Doesn’t let you use app!
Br-US-185,Brain.fm,US,5,2025-07-01,adhd/neurodivergent,So good for ADHD focus
Br-US-186,Brain.fm,US,1,2025-06-28,sleep,Doesn’t seem to work for me
Br-US-187,Brain.fm,US,5,2025-06-23,,Absolutely….
Br-US-188,Brain.fm,US,1,2025-06-23,focus/work,App constantly doesn’t work
Br-US-189,Brain.fm,US,1,2025-06-22,,Don’t buy
Br-US-190,Brain.fm,US,5,2025-06-18,sleep,Worth it!
Br-US-191,Brain.fm,US,2,2025-06-16,focus/work,Unstable iOS desktop app — don’t bother.
Br-US-192,Brain.fm,US,4,2025-06-09,focus/work,Perfect except…
Br-US-193,Brain.fm,US,5,2025-06-05,focus/work,Absolutely worth it
Br-US-194,Brain.fm,US,5,2025-05-31,adhd/neurodivergent,Very helpful for ADHD focus
Br-US-195,Brain.fm,US,3,2025-05-30,,Bugs
Br-US-196,Brain.fm,US,1,2025-05-30,,It’s a scam
Br-US-197,Brain.fm,US,3,2025-05-30,focus/work,Nice App but Expensive
Br-US-198,Brain.fm,US,3,2025-05-27,meditation/mindfulness,Enjoyable and effective
Br-US-199,Brain.fm,US,5,2025-05-25,focus/work,At first I didn’t believe it.
Br-US-200,Brain.fm,US,5,2025-05-24,,Thank you
Br-US-201,Brain.fm,US,5,2025-05-22,adhd/neurodivergent,Focus Game Changer
Br-US-202,Brain.fm,US,3,2025-05-20,focus/work,Good but…
Br-US-203,Brain.fm,US,4,2025-05-16,focus/work,Love it for focus
Br-US-204,Brain.fm,US,5,2025-05-13,focus/work,"""Does it work?"" Yes!"
Br-US-205,Brain.fm,US,1,2025-05-12,,blah
Br-US-206,Brain.fm,US,5,2025-05-12,adhd/neurodivergent,ADD or ADHD: Get this App
Br-US-207,Brain.fm,US,1,2025-05-08,focus/work,Antithetical behavior to stated purpose
Br-US-208,Brain.fm,US,1,2025-04-30,exercise/movement,Was a good app
Br-US-209,Brain.fm,US,1,2025-04-29,,Just more… noise. : (
Br-US-210,Brain.fm,US,5,2025-04-18,adhd/neurodivergent,"If you have ADHD, immediately download this app"
Br-US-211,Brain.fm,US,5,2025-04-10,focus/work,Best app ever. Nothing compares
Br-US-212,Brain.fm,US,5,2025-04-04,sleep,THE BEST APP FOR FOCUS!!!!!!!
Br-US-213,Brain.fm,US,5,2025-04-04,general ambience/background,Beyond Impressed!!
Br-US-214,Brain.fm,US,5,2025-04-01,,Desktop App?
Br-US-215,Brain.fm,US,3,2025-03-31,focus/work,Some tracks amazing but app needs work
Br-US-216,Brain.fm,US,1,2025-03-24,adhd/neurodivergent,Horrible & painful “focus” sound
Br-US-217,Brain.fm,US,5,2025-03-22,study/schoolwork,Love it!
Br-US-218,Brain.fm,US,5,2025-03-17,adhd/neurodivergent,I use this app every day.
Br-US-219,Brain.fm,US,5,2025-03-15,focus/work,A difference!
Br-US-220,Brain.fm,US,4,2025-03-14,sleep,Helpful sometimes but not worth the cost
Br-US-221,Brain.fm,US,5,2025-03-13,relax/unwind/calm-down,Soothing
Br-US-222,Brain.fm,US,5,2025-03-09,focus/work,Focus
Br-US-223,Brain.fm,US,1,2025-03-08,sleep,Disappointing nonsense
Br-US-224,Brain.fm,US,1,2025-03-08,focus/work,Failure to Recognize Paid Subscription
Br-US-225,Brain.fm,US,5,2025-03-05,study/schoolwork,‏Brain.fm is truly a game-changer!
Br-US-226,Brain.fm,US,1,2025-03-02,,Bluetooth issues
Br-US-227,Brain.fm,US,5,2025-02-26,focus/work,Great application
Br-US-228,Brain.fm,US,5,2025-02-22,study/schoolwork,I thought it was fake
Br-US-229,Brain.fm,US,1,2025-02-20,,Zero customer service response
Br-US-230,Brain.fm,US,4,2025-02-17,adhd/neurodivergent,Mostly love
Br-US-231,Brain.fm,US,5,2025-02-14,sleep,It’s one of the single most important productivity tools I use
Br-US-232,Brain.fm,US,5,2025-02-11,adhd/neurodivergent,Excellent Tool For Focus
Br-US-233,Brain.fm,US,5,2025-02-10,sleep,46 weeks straight!
Br-US-234,Brain.fm,US,5,2025-02-10,reading/writing,Essential
Br-US-235,Brain.fm,US,5,2025-02-02,sleep,Seems to work great
Br-US-236,Brain.fm,US,5,2025-01-28,relax/unwind/calm-down,So helpful
Br-US-237,Brain.fm,US,5,2025-01-25,sleep,I use this alot
Br-US-238,Brain.fm,US,5,2025-01-24,sleep,Everything  and more
Br-US-239,Brain.fm,US,1,2025-01-23,,Aggravating
Br-US-240,Brain.fm,US,1,2025-01-21,,No free option
Br-US-241,Brain.fm,US,5,2025-01-21,tinnitus/noise-masking,It works
Br-US-242,Brain.fm,US,5,2025-01-16,,Lifessential
Br-US-243,Brain.fm,US,5,2025-01-15,adhd/neurodivergent,Game Changer for ADHD
Br-US-244,Brain.fm,US,5,2025-01-13,relax/unwind/calm-down,Great for meditation and deep focus
Br-US-245,Brain.fm,US,5,2025-01-12,focus/work,Brain fm review
Br-US-246,Brain.fm,US,5,2025-01-08,reading/writing,Helps me work
Br-US-247,Brain.fm,US,3,2025-01-07,anxiety/stress,Helicopters in my brain
Br-US-248,Brain.fm,US,5,2025-01-06,focus/work,Masterful Melody
Br-US-249,Brain.fm,US,5,2025-01-04,focus/work,Love this!
Br-US-250,Brain.fm,US,5,2025-01-02,,Submitted in Error
Br-US-251,Brain.fm,US,5,2024-12-25,sleep,Try it. Just try it.
Br-US-252,Brain.fm,US,3,2024-12-22,focus/work,Interval Timer Missing
Br-US-253,Brain.fm,US,5,2024-12-19,focus/work,Love this app
Br-US-254,Brain.fm,US,5,2024-12-16,focus/work,Can’t stop listening
Br-US-255,Brain.fm,US,5,2024-12-06,,Surprisingly effective
Br-US-256,Brain.fm,US,4,2024-12-03,reading/writing,Good so far
Br-US-257,Brain.fm,US,5,2024-12-03,sleep,Huge fan and believer in this type of music
Br-US-258,Brain.fm,US,5,2024-11-30,,So helpful
Br-US-259,Brain.fm,US,5,2024-11-29,sleep,"one of the best apps, possibly only one i’d pay for"
Br-US-260,Brain.fm,US,1,2024-11-27,focus/work,Sign up didn’t work
Br-US-261,Brain.fm,US,4,2024-11-24,sleep,Good app
Br-US-262,Brain.fm,US,5,2024-11-23,tinnitus/noise-masking,Better than coffee!
Br-US-263,Brain.fm,US,5,2024-11-18,reading/writing,Definitely helps
Br-US-264,Brain.fm,US,5,2024-11-17,focus/work,I needed this
Br-US-265,Brain.fm,US,5,2024-11-10,anxiety/stress,Great app
Br-US-266,Brain.fm,US,5,2024-11-09,relax/unwind/calm-down,Worth it!
Br-US-267,Brain.fm,US,5,2024-11-02,focus/work,Helped me a lot!
Br-US-268,Brain.fm,US,1,2024-10-30,,Can’t restore purchase
Br-US-269,Brain.fm,US,5,2024-10-29,focus/work,Flow
Br-US-270,Brain.fm,US,1,2024-10-24,sleep,Deletes offline library
Br-US-271,Brain.fm,US,5,2024-10-23,adhd/neurodivergent,Productivity and calmness ahead.
Br-US-272,Brain.fm,US,4,2024-10-16,relax/unwind/calm-down,Great for work and to wind down
Br-US-273,Brain.fm,US,5,2024-10-15,general ambience/background,"Minimalistic, Efficient, Non-Secular"
Br-US-274,Brain.fm,US,5,2024-10-13,adhd/neurodivergent,Life changing for anyone with ADHD.
Br-US-275,Brain.fm,US,5,2024-10-03,adhd/neurodivergent,Might be thanking them in my dissertation
Br-US-276,Brain.fm,US,1,2024-09-28,sleep,Doesn’t help in sleep.
Br-US-277,Brain.fm,US,5,2024-09-28,relax/unwind/calm-down,Very suprised
Br-US-278,Brain.fm,US,5,2024-09-26,sleep,Great app
Br-US-279,Brain.fm,US,1,2024-09-22,,"Music is nice, App is not."
Br-US-280,Brain.fm,US,5,2024-09-19,relax/unwind/calm-down,It really works!
Br-US-281,Brain.fm,US,5,2024-09-14,adhd/neurodivergent,How do they do it!?
Br-US-282,Brain.fm,US,3,2024-09-05,,Crashes a lot
Br-US-283,Brain.fm,US,4,2024-09-01,sleep,Great content but app is lacking
Br-US-284,Brain.fm,US,5,2024-08-29,anxiety/stress,Night and day
Br-US-285,Brain.fm,US,5,2024-08-28,adhd/neurodivergent,ADHD Godsend
Br-US-286,Brain.fm,US,4,2024-08-18,adhd/neurodivergent,Guessing it’s useful
Br-US-287,Brain.fm,US,5,2024-08-14,adhd/neurodivergent,DOWNLOAD NOW
Br-US-288,Brain.fm,US,5,2024-08-12,adhd/neurodivergent,Can’t live with out it
Br-US-289,Brain.fm,US,3,2024-08-11,study/schoolwork,I love this app but it stopped working suddenly
Br-US-290,Brain.fm,US,5,2024-08-02,sleep,🌟 Brain.fm: Your Ultimate Focus Buddy! 🌟
Br-US-291,Brain.fm,US,5,2024-07-25,,My Go To for 1+ Year
Br-US-292,Brain.fm,US,5,2024-07-24,tinnitus/noise-masking,Better than
Br-US-293,Brain.fm,US,5,2024-07-17,adhd/neurodivergent,Essential
Br-US-294,Brain.fm,US,2,2024-07-17,adhd/neurodivergent,Basically Lofi playlist from Youtube. Why is this $10 a month???
Br-US-295,Brain.fm,US,5,2024-07-17,focus/work,VERYYYY GOOD !
Br-US-296,Brain.fm,US,1,2024-07-07,focus/work,Doesn’t work
Br-US-297,Brain.fm,US,1,2024-07-02,,Why is the app free
Br-US-298,Brain.fm,US,5,2024-06-26,sleep,Amazing. Simply amazing.
Br-US-299,Brain.fm,US,5,2024-06-21,focus/work,Very good
Br-DE-000,Brain.fm,DE,1,2026-08-02,,Schlechter Service und Geld rausgeschmissen
Br-DE-001,Brain.fm,DE,5,2026-07-28,focus/work,Super zum Arbeiten!
Br-DE-002,Brain.fm,DE,1,2026-07-08,,Preisinfo erst nach Dateneingabe
Br-DE-003,Brain.fm,DE,1,2026-06-24,,Unpleasant experience
Br-DE-004,Brain.fm,DE,5,2026-06-12,sleep,Works
Br-DE-005,Brain.fm,DE,1,2026-06-09,,BRAUCHT MANN NICHT !
Br-DE-006,Brain.fm,DE,5,2026-06-06,sleep,At the end brain.fm wins without any doubts
Br-DE-007,Brain.fm,DE,4,2026-05-17,focus/work,Teuer aber gut
Br-DE-008,Brain.fm,DE,5,2026-05-17,focus/work,Amazing
Br-DE-009,Brain.fm,DE,5,2026-05-11,focus/work,Hilft mir beim Fokussieren
Br-DE-010,Brain.fm,DE,1,2026-04-21,,Haben keine Account gehackt
Br-DE-011,Brain.fm,DE,5,2026-04-05,,it works
Br-DE-012,Brain.fm,DE,2,2026-03-28,focus/work,Brain.fm concept works - the app not!
Br-DE-013,Brain.fm,DE,4,2026-02-18,,"Musik Top, App verbesserungsbedürftig"
Br-DE-014,Brain.fm,DE,3,2026-02-07,,Too expensive
Br-DE-015,Brain.fm,DE,1,2026-02-06,focus/work,Great Focus but waaay to expensive!
Br-DE-016,Brain.fm,DE,2,2026-01-07,,Coole App but way too expensive
Br-DE-017,Brain.fm,DE,5,2026-01-02,study/schoolwork,Best in class
Br-DE-018,Brain.fm,DE,1,2025-12-12,,Too expensive
Br-DE-019,Brain.fm,DE,1,2025-11-21,,Charged even though in trial
Br-DE-020,Brain.fm,DE,4,2025-11-17,,Update nach einem Jahr
Br-DE-021,Brain.fm,DE,5,2025-11-02,study/schoolwork,Amazing app!
Br-DE-022,Brain.fm,DE,1,2025-10-18,study/schoolwork,Okay but not great
Br-DE-023,Brain.fm,DE,2,2025-09-07,focus/work,Immer derselbe EDM
Br-DE-024,Brain.fm,DE,4,2025-07-16,sleep,So awesome but not free sadly
Br-DE-025,Brain.fm,DE,5,2025-07-12,sleep,Ein echter Lebensretter für Fokus und innere Ruhe
Br-DE-026,Brain.fm,DE,3,2025-07-01,,Zu teuer
Br-DE-027,Brain.fm,DE,4,2025-06-19,adhd/neurodivergent,Insane Focus
Br-DE-028,Brain.fm,DE,1,2025-06-09,adhd/neurodivergent,Audio has low quality
Br-DE-029,Brain.fm,DE,2,2025-05-15,,Eher meh
Br-DE-030,Brain.fm,DE,1,2025-04-16,,Ich spreche und verstehe kein Englisch…
Br-DE-031,Brain.fm,DE,5,2025-04-10,relax/unwind/calm-down,Für alle Lebenslagen
Br-DE-032,Brain.fm,DE,5,2024-08-28,sleep,Perfekte Mischung für Produktivität und Entspannung
Br-DE-033,Brain.fm,DE,5,2024-07-12,,This is literally brain Fm -
Br-DE-034,Brain.fm,DE,1,2024-04-16,,Stürzt beim Öffnen ab
Br-DE-035,Brain.fm,DE,4,2024-04-12,focus/work,Sehr gut aber zu teuer
Br-DE-036,Brain.fm,DE,5,2024-02-27,meditation/mindfulness,Fokus & Meditation garantiert
Br-DE-037,Brain.fm,DE,5,2024-02-27,focus/work,Best Part of the day 😃
Br-DE-038,Brain.fm,DE,2,2023-12-20,,Gut aber viel zu teuer
Br-DE-039,Brain.fm,DE,5,2023-11-27,adhd/neurodivergent,Great app with one flaw
Br-DE-040,Brain.fm,DE,4,2023-10-29,study/schoolwork,"Es hilft mir extrem, wenn nicht der Preis wäre"
Br-DE-041,Brain.fm,DE,5,2023-06-21,adhd/neurodivergent,Amazing
Br-DE-042,Brain.fm,DE,1,2023-03-30,adhd/neurodivergent,Scheußlich
Br-DE-043,Brain.fm,DE,4,2023-03-23,,no apple watch app
Br-DE-044,Brain.fm,DE,5,2023-03-03,focus/work,Es funktioniert
Br-DE-045,Brain.fm,DE,5,2023-01-20,relax/unwind/calm-down,The best App you will ever own
Br-DE-046,Brain.fm,DE,4,2022-11-23,focus/work,Love the Service but does not work on my M1 Max
Br-DE-047,Brain.fm,DE,5,2022-10-02,study/schoolwork,Science doesn’t lie
Br-DE-048,Brain.fm,DE,3,2022-08-28,,"Love it, but why no volume control?"
Br-DE-049,Brain.fm,DE,2,2022-08-16,meditation/mindfulness,Mit der Zeit immer fehlerhafter
Br-DE-050,Brain.fm,DE,1,2022-07-04,,Very buggy since update
Br-DE-051,Brain.fm,DE,5,2022-03-21,focus/work,"Best focus app out there, now completely overhauled."
Br-DE-052,Brain.fm,DE,5,2022-02-28,,Super Update
Br-DE-053,Brain.fm,DE,1,2022-02-26,,Scam!
Br-DE-054,Brain.fm,DE,1,2022-02-07,focus/work,App doesn’t work
Br-DE-055,Brain.fm,DE,1,2021-12-13,,Unseriöse Informationspolitik
Br-DE-056,Brain.fm,DE,1,2021-09-03,,Abzocke
Br-DE-057,Brain.fm,DE,5,2021-08-31,relax/unwind/calm-down,Only app that gets the job done
Br-DE-058,Brain.fm,DE,5,2021-02-01,meditation/mindfulness,Super App & super Kundenservice!!!
Br-DE-059,Brain.fm,DE,5,2021-01-23,relax/unwind/calm-down,Perfekte Focus&Relax app
Br-DE-060,Brain.fm,DE,5,2021-01-06,relax/unwind/calm-down,Focus (or relaxation) at your fingertips
Br-DE-061,Brain.fm,DE,5,2020-12-04,focus/work,Eine super App
Br-DE-062,Brain.fm,DE,1,2020-09-26,,Useless unless you pay
Br-DE-063,Brain.fm,DE,5,2020-09-12,meditation/mindfulness,Love it
Br-DE-064,Brain.fm,DE,5,2020-09-08,,Very effective
Br-DE-065,Brain.fm,DE,5,2020-08-28,sleep,Really makes a difference
Br-DE-066,Brain.fm,DE,5,2020-08-22,reading/writing,Großartige Hilfe!
Br-DE-067,Brain.fm,DE,5,2020-07-11,,Gute Musik- schlechte App
Br-DE-068,Brain.fm,DE,5,2020-04-22,anxiety/stress,"Sehr gut zum Energie tanken, abschalten und fokussieren"
Br-DE-069,Brain.fm,DE,1,2020-04-07,adhd/neurodivergent,Bad vibes
Br-DE-070,Brain.fm,DE,1,2020-04-05,reading/writing,Upgrade to paid but version but still no sessions available
Br-DE-071,Brain.fm,DE,4,2020-04-04,relax/unwind/calm-down,Supi App aber....
Br-DE-072,Brain.fm,DE,1,2020-01-13,focus/work,Subscription cannot be cancelled
Br-DE-073,Brain.fm,DE,1,2020-01-05,focus/work,"Too many bugs, great music"
Br-DE-074,Brain.fm,DE,4,2019-12-07,,Warum diese schreckliche Farbe ???
Br-DE-075,Brain.fm,DE,5,2019-11-23,focus/work,The music is great. The App ist trash.
Br-DE-076,Brain.fm,DE,1,2019-10-21,,Knebelvertrag
Br-DE-077,Brain.fm,DE,2,2019-10-14,,Really bad app
Br-DE-078,Brain.fm,DE,2,2019-10-09,focus/work,The sounds work the app doesn’t
Br-DE-079,Brain.fm,DE,1,2019-10-01,,Connection issues since update
Br-DE-080,Brain.fm,DE,2,2019-09-25,adhd/neurodivergent,Please add horizontal orientation for iPads!
Br-DE-081,Brain.fm,DE,3,2019-09-22,commute/travel,"Good effect, poor app"
Br-DE-082,Brain.fm,DE,5,2019-09-19,tinnitus/noise-masking,Super!
Br-DE-083,Brain.fm,DE,3,2019-09-08,focus/work,Gut mit Schwächen
Br-DE-084,Brain.fm,DE,5,2019-08-05,,New look and fixed problems
Br-DE-085,Brain.fm,DE,1,2019-02-23,,Unnütz und teuer
Br-DE-086,Brain.fm,DE,3,2018-12-14,,Preise unfreundlich für Gelegenheitsnutzer
Br-DE-087,Brain.fm,DE,5,2018-12-05,sleep,Actually works
Br-DE-088,Brain.fm,DE,1,2018-10-08,,Grotesk teuer
Br-DE-089,Brain.fm,DE,5,2018-09-14,relax/unwind/calm-down,Hilft unglaublich sich zu konzentrieren
Br-DE-090,Brain.fm,DE,5,2018-08-29,focus/work,Wird immer besser!
Br-DE-091,Brain.fm,DE,5,2018-07-02,,Top Qualität und sehr kreativ
Br-DE-092,Brain.fm,DE,5,2018-06-06,,Simply Amazing
Br-DE-093,Brain.fm,DE,5,2018-04-16,reading/writing,Perfekt zum konzentrieren und lesen
Br-DE-094,Brain.fm,DE,1,2018-04-13,sleep,Tolle Idee es funktioniert auch aber...
Br-DE-095,Brain.fm,DE,3,2018-04-04,,"Service is great, app is faulty."
Br-DE-096,Brain.fm,DE,5,2018-01-29,focus/work,Es wirkt
Br-DE-097,Brain.fm,DE,1,2018-01-27,,Ohne Effekt
Br-DE-098,Brain.fm,DE,4,2018-01-19,study/schoolwork,Mit Brain.fm kann ich besser arbeiten
Br-DE-099,Brain.fm,DE,5,2018-01-16,focus/work,Fokussierter arbeiten
Br-DE-100,Brain.fm,DE,2,2018-01-02,,No possibility to unsibscribe
Br-DE-101,Brain.fm,DE,5,2018-01-01,,Wahnsinn
Br-DE-102,Brain.fm,DE,5,2017-12-30,relax/unwind/calm-down,"Sehr gut zum konzentrieren, oder entspannen"
Br-DE-103,Brain.fm,DE,5,2017-12-25,focus/work,Großartig
Br-DE-104,Brain.fm,DE,5,2017-12-11,,Best of its kind!
Br-DE-105,Brain.fm,DE,5,2017-12-03,relax/unwind/calm-down,Ist echt hilfreich
Br-DE-106,Brain.fm,DE,5,2017-11-29,relax/unwind/calm-down,Läuft...
Br-DE-107,Brain.fm,DE,5,2017-09-20,focus/work,Top
Br-DE-108,Brain.fm,DE,3,2017-07-27,,Fix and get 5*
Br-DE-109,Brain.fm,DE,1,2017-06-01,anxiety/stress,Terrible
Br-DE-110,Brain.fm,DE,5,2017-05-21,,Top
Br-DE-111,Brain.fm,DE,5,2017-05-14,sleep,Perfekte App!
Br-DE-112,Brain.fm,DE,1,2017-05-11,,Disappointing
Br-DE-113,Brain.fm,DE,5,2017-04-19,focus/work,Love it
Br-DE-114,Brain.fm,DE,5,2017-04-18,focus/work,Best Investment in Yourself
Br-DE-115,Brain.fm,DE,5,2017-03-07,relax/unwind/calm-down,Great flow grade app
Br-DE-116,Brain.fm,DE,5,2017-03-06,sleep,Einfach großartig!
Br-DE-117,Brain.fm,DE,2,2017-02-21,sleep,Technische Schwierigkeiten
Br-DE-118,Brain.fm,DE,5,2017-02-19,focus/work,Tolle Idee
Br-DE-119,Brain.fm,DE,5,2017-02-16,,Magisch!
Br-DE-120,Brain.fm,DE,5,2017-02-12,relax/unwind/calm-down,"Super App, vielseitig einsetzbar!"
Br-DE-121,Brain.fm,DE,5,2017-02-05,relax/unwind/calm-down,Awareness and relaxation!
Br-DE-122,Brain.fm,DE,5,2017-01-04,focus/work,"Extrem wirkungsvoll, absolut empfehlenswert"
Br-DE-123,Brain.fm,DE,5,2016-12-21,sleep,Worth every penny
Br-DE-124,Brain.fm,DE,5,2016-12-14,,Funktioniert tatsächlich
Br-DE-125,Brain.fm,DE,5,2016-12-14,study/schoolwork,Unfassbar
Br-DE-126,Brain.fm,DE,5,2016-12-02,sleep,Great app and service!
