id,app,storefront,rating,date,final_wish,title,content
En-US-005,Endel,US,1,2026-08-24,account / cancellation / restore,Refund Warning!!,"I cancelled my subscription during the trial period but was still charged the annual rate. Tried to seek refund through customer service and told they can’t do it through Apple Store. Unfortunately, Apple only shows the free trial. The company charged my card outside of Apple because I received an alert from my credit card company about the charge. It should have been through Apple. Try at your own risk."
En-US-012,Endel,US,2,2026-08-20,playback controls (autoplay / background mode),Invasive and off putting,"I had to delete this app because there is no way to make it stop playing automatically when I put my headphones on. I searched the entire menu and there was no option. I tried following several different sets of directions I found searching the web but none of them worked. Endel obviously wants to make it hard so they keep changing the process and have now removed it entirely.

Edit: the developer sent me a canned response that in no way addressed my complaint. It’s either AI or just lazy."
En-US-020,Endel,US,5,2026-08-12,customization / mix-your-own / controls,Amazing,"I changed my original review. This app actually has far more options than I originally saw and it’s amazing. I do wish I could play more than one solfeggio tone at once, or have the option to disable the added music that comes in. This is because it takes a few different tones to hit all the tinnitus I hear 😅. Maybe in a future update? Thanks for the app!!!"
En-US-022,Endel,US,2,2026-08-11,account / cancellation / restore,No option to cancel after free trial.,They keep trying to charge me $80 but there’s no way for me to cancel or end it. ADHD tax but not from forgetting - instead from being targeted by an app promising to help.
En-US-023,Endel,US,1,2026-08-10,stop upsell / ads / push nagging,Keeps bugging me about lifetime subscription,"Already purchased an annual subscription yet the app gives me a pop up for getting a lifetime subscription every time I enter the app, with seemingly no way to turn it off. Anti-consumer practice."
En-US-027,Endel,US,3,2026-08-03,cheaper / pricing / free tier,Too Expensive,Great product but way too expensive given the free content now available elsewhere. Would love to see them come down by half…
En-US-056,Endel,US,2,2026-07-03,customization / mix-your-own / controls,I want to like the App but…it’s misleading,I got this app and paid for premium based upon the 8D sounds from an AD. The song is no where to be found or no songs at all. I could’ve dealt with it if there was an option to change the 8D sounds. It’s repetitive and annoying. I really dislike it. I even tried to add the 8D to my own music but still didn’t like the sound. Waste of money because I got it specifically for the 8D option.
En-US-071,Endel,US,4,2026-06-23,more variety / more soundscapes & music,"If only it was cheaper, so everyone could utilize it.","I really enjoy the 8D however when I bought the subscription I never did find any of the 8D sounds, not even 4D sounds, it was just the usual rain, static, white- blue noise, etc. not the 8D that draws you in 
:( and it’s so expensive, so many more could benefit if it was cheaper. 
People don’t realize if you’d sell a product for less many more people would buy it. why is that so difficult to understand?"
En-US-079,Endel,US,1,2026-06-16,account / cancellation / restore,Can’t cancel app!,"While I enjoyed the free trial, the app does not show up in the apple subscription and there’s no way to cancel or request a refund. I’m angry I was charged $119.99 and have no way of canceling via Apple as the FAQ’s state since it doesn’t show up on any apple subscription page"
En-US-081,Endel,US,1,2026-06-15,more variety / more soundscapes & music,Misleading advertising,The ad I saw had an 8d thing that isn’t even available in the premium.  Wish I had read the 1 star reviews before going to premium.  How scammy of you.  Your response to others on this issue is garbage too.  Hope karma gets you.
En-US-084,Endel,US,2,2026-06-14,account / cancellation / restore,Subscription is through Paddle,Makes it harder to cancel because it doesn’t show up in your Apple subscriptions. Hence why I’m sure a TON of people have subscriptions they didn’t actually want after the free trial. Should be illegal to do it this way. Class action lawsuit would be nice.
En-US-094,Endel,US,4,2026-06-07,customization / mix-your-own / controls,Not entirely what I expected but not bad either,"I downloaded this app after failing to locate a particular song from a Facebook ad. I expected the music to be playlist based with the option to choose songs but it appears to be set with the option to choose varying sound levels. It has been effective, I love the uplift in the afternoon. Really wish I could find the one song I was looking for, seems rather catfish to use in an ad but not have available in the app."
En-US-101,Endel,US,2,2026-06-02,desktop / mac / windows / web version,Not ready for MacOS,"I really enjoy Endel and like the iOS features being brought into the Mac App. That said, it’s kinda broken the core functionality and it is very glitchy. One of my favorite features was the menu bar but now it doesn’t work. I miss the ability to change or tune soundscape directly from the menu bar. Then — in categories like “focus”, “relax”, etc — it seem they should be scalable but nothing! Hidden soundscapes that are inaccessible until in the actual player. 

Overall, I like the direction the app is headed. I just wish they would fix the bugs and get it working again, especially the menu bar functionality.
—————



Editing to downgrade and say: Please fix it soon! The old version was much better. I miss the menu bar operation and I want playback to start when I click a soundscape. Autoplay!"
En-US-103,Endel,US,1,2026-06-02,cheaper / pricing / free tier,Annoying and deceptive,"You might see an ad for this and install it thinking I’m going to listen to the sounds and see if any of it is any good. You will have like 20 onboarding screens and at now point will you understand what this app does or why it’s asking you these questions. Then it will present you with some truly insane subscription pricing options including a free trial that they clearly hope you will choose and then forget about.

The real tell is you can’t choose the free trial with the monthly option. Minimum penalty for forgetting to cancel the trial is a $60 charge. No reason to do that unless you are riding in scam money.

Maybe the app is cool and good. Who knows. After all that BS I just killed the app and didn’t come back."
En-US-114,Endel,US,5,2026-05-29,cheaper / pricing / free tier,Love this,Just really wish it was a Monty subscription.
En-US-115,Endel,US,5,2026-05-27,cheaper / pricing / free tier,Endel continues to soothe and focus my brain,"I found Endel when it first came out, 2017 or so. I struggled with technical issues on my ancient phone but loved when it worked. While off grid in the woods for 2 weeks, this became my soundtrack on my iphone 12 mini, which I still use. At that point endel worked offline, with the most basic sounds free and no 10 minute limit. It was incredible and non-invasive in the natural space. I also used it at night on low volume to warn the cougars and bears of my presence. I didn't die! Yay! I finally purchased a year of it now, in 2026, because I need it more than ever being finally diagnosed with adhd and autism. I love focus, move and sleep-I love the way it supports my odd hours or focus and helps me rest easily for sleep. When I turn it off, I almost feel like I was being physically pushed and then, like the push is gone when I turn it off. It actually supports focus, aligns with neuroplasticity experiments and is simply my fave thing to listen to for all activities! It's expensive and I wish it was more accessible for lower income people. But even the free version is super helpful. LOVE IT!"
En-US-127,Endel,US,1,2026-05-23,account / cancellation / restore,"Seems cool, but","I was curious about this app, thinking a family member might be interested. After giving it a listen, I deleted it. Now I am being charged, despite there being no indication or record of a subscription on my device. And there seems to be no way to address this. I would have given this a higher rating except for this issue."
En-US-131,Endel,US,2,2026-05-21,stop upsell / ads / push nagging,NAGWARE (even with subscription),"I really like the app except for it’s constant nagging, pop-ups telling you to buy a lifetime subscription.

When I’m having a bad day, etc., and I need to get to some sound relief I can’t immediately listen to those soothing sounds. I have to endure their constant pop-ups before I can get relief.

I like the app, STOP IT! YOU MAKE THE SITUATION WORSE, AND YOU TRIGGER.

Sometimes, I wish that to developers would go through an anxiety attack every time I do when I just opened their app.

I sense the developer saying “we don’t care about you give us your money”.

I gave it two stars instead of one because I enjoy the app when it’s not a triggering, greedy beep."
En-US-143,Endel,US,2,2026-05-18,cheaper / pricing / free tier,"Helpful app, bad monetization","This app is helpful and useful for the ambient sounds it produces, but extorts you into paying if you want to use it any longer than 10 minutes at a time. Of course you can just press pause, and then unpause to restart the timer,  but why charge an annual subscription just to be able to use the app for long periods of time. Should offer a one time purchase version for limited premium features"
En-US-153,Endel,US,1,2026-05-13,playback controls (autoplay / background mode),Persistent notifications. Horrendous.,"I downloaded this based off the suggestion of Easlo, but found the app to be extremely poorly designed. Case in point the sounds don’t stop even when you exit out, and there are persistent notifications you can’t opt out of. I redownloaded the app to leave this negative review."
En-US-160,Endel,US,1,2026-05-11,visuals / UI / navigation / simplicity,Nice idea. False Advertising on Social Media,"This app is a very diverse and overly complicated timer for the Pomodoro Technique. Instead of helping my ADHD, I get so lost setting a timer, timing the sound and figuring out the warm up and post focus period times that this app makes me significantly less productive. 

The lack of the 8D audio files with vocals that are used in ads are not on the app, and the sounds in the 8D category of the app don’t alternate in my headphones to produce the focusing effect like the ad suggested. I missed canceling my 7 day trial by 12 hours and am stuck with this ineffective, over priced service for 3 months. I want my $64 returned."
En-US-167,Endel,US,3,2026-05-08,desktop / mac / windows / web version,Audio playback bug on macOS (Premium subscription),"I purchased a yearly subscription, but the app is broken on macOS.
The timer sound works fine, but there is absolutely no sound in the actual modes (Focus, Relax, etc.). Multiple reinstalls didn't help at all.
It's clearly a bug with the app's audio engine or content loading on the desktop version. Please fix this, the app is unusable on Mac right now."
En-US-174,Endel,US,1,2026-05-05,stop upsell / ads / push nagging,Aggressive advertisement for paid users,"While being a premium subscriber, I still get prompted to upgrade to the life time subscription at least once a day. This is really annoying and very intrusive to my flow because it pops up when I want to play something. Please fix this, as a paid user I shouldn’t be aggressively prompted to upgrade every day"
En-US-190,Endel,US,1,2026-05-02,account / cancellation / restore,Scam - charged me immediately for a year,"Used for a couple days. Ok product but equally good stuff on YouTube for free. But then I realized they charged me $120 upfront even though it should have been a 7 day free trial then a charge. Having to go through Apple refund process, what a pain hope it works!"
En-US-195,Endel,US,4,2026-05-01,customization / mix-your-own / controls,"More Shortcuts Please, and better focus breaks","Love this app so much. All i want is 

1. to be able to create custom shortcuts to start scenarios. I love the deep work scenario but its such a pain to have to open the app and set the settings every time 

2. Why is there no option to chime or pause when focus timer switches to break?? I cant use that mode because the (very subtle) change in music does not register for me that it is break time. Need the option for a chime or better yet, set it so that the music stops whe. Its break time!"
En-US-200,Endel,US,4,2026-04-30,more variety / more soundscapes & music,Good for when music is too much,But I wish there was more variety and options; even the sounds in the custom option feel like repeats of the same sounds
En-US-201,Endel,US,5,2026-04-30,bugs/fixes (stability wishes),Please update,"I live Endel, and I use it every day. The Uplift mode keeps asking to update permissions, which I did but it still does not work. It was working great several days ago. Please fix this."
En-US-202,Endel,US,5,2026-04-29,bugs/fixes (stability wishes),Can’t sleep or read without it,"I initially doubted Endel, but now I can’t sleep without it. While the built-in white noise on HomePod is effective, Endel’s sleep mode tones instantly make me drowsy after a few weeks of use. It even calms my dog.

As an AuDHD person, I struggle with reading due to distractions. Endel’s focus, dynamic focus, study, and deeper focus modes help me stay on task and make reading easier.

The app offers more features, but these are my two favorites.

My only complaint is that the uplift feature doesn’t collect my health and location data despite the required permissions."
En-US-209,Endel,US,4,2026-04-28,more variety / more soundscapes & music,ADHD regulator!,This app is really helpful for resetting or focusing my nervous system. I primarily use the focus timer- great for work tasks- and the 8D audio - great for regulation. My one qualm is that the 8D audio seems super limited. I think it’s just playing the one track? Surely there can be so much more variety. It’s my understanding they build the focus timer music with ai to building variations that keep your brain engaged. I wish there were more moods /options ir just differences among the 8D offering.
En-US-228,Endel,US,1,2026-04-15,desktop / mac / windows / web version,Premium Account tho not on desktop app,"I have a premium subscription, but when I log into the desktop app my account appears as free and I am missing the premium features I should have access to. Everything works as expected on mobile, but I assumed the same access would carry over to the desktop app as well. Seems like it should so dunno what's wrong. Def makes me glad I didn't get the lifestime sub but also not sure I will renew my sub next year tho i love the service"
En-US-229,Endel,US,1,2026-04-15,account / cancellation / restore,No communication no refund,"Did the 7 day free trial, went in to cancel it on the 7th day and saw they charged my bank account (which this should have been charged to my apple account) for $119. Left a handful of messages different ways to company…still no replies
Update: developer replied below saying to email them, i have 3 times and no response"
En-US-235,Endel,US,5,2026-04-14,cheaper / pricing / free tier,I wish I had the money,Unfortunately I do not have the money for this marvelous product. I’m not sure how I’m going to sleep well again until I get the money. I wish you had a month to month price because I would buy it in a heartbeat. I’ve had the best sleep of my entire life using your product. I’ve already recommended this to someone and will confuse to do so. Thanks for the trial. It’s AMAZING
En-US-237,Endel,US,5,2026-04-13,integration: watch / wearable / smart home / casting,This is so good!,The app is really cool. Just one suggestion. I wish it could connect to Google home assistant or Alexa.
En-US-240,Endel,US,2,2026-04-09,account / cancellation / restore,Unimpressed,"VERY expensive, compared to even higher quality alternatives. So little content in my opinion, and even the options available did not resonate very well with me. Feels like a scam after giving alternatives a try. It blows my mind that there isn’t a free trial period and I got charged $20 for a MONTH, crazy. Wish there was a refund option"
En-US-252,Endel,US,1,2026-04-03,account / cancellation / restore,App is a scam,There’s no way to cancel your free trial and then they charge you for the full year. They only let you cancel your subscription after the trial ended so there’s no way to prevent the annual charge. I reached out to customer service and got no response. Huge scam
En-US-258,Endel,US,3,2026-04-02,bugs/fixes (stability wishes),Stops playing after 10 minutes,"I love this app and I was using it every night to go to sleep until I updated yesterday and now after playing for 10 minutes it pauses for no reason. I don't know if this is a new limitation or a bug. I would appreciate it if it was fixed if it is a bug. Either way please let me know what's going on. Thank you.

update: 

I updated to premium, but no matter how much I click on the restore button or login, still it doesn't recognize me as premium and I'm still stuck with the free limitations. Even worse, it forced me to subscribe to the yearly plan, but still after payment, I cannot use it. I have tried different IP addresses, thinking that maybe the issue is on my side. Please fix this. I also couldn't find any way to contact your support about this either"
En-US-260,Endel,US,1,2026-04-01,account / cancellation / restore,Too expensive and won't stop trying to bill me,I don't want to be on the hook for another 100+ subscription and they won't let me cancel completely so I keep getting spam emails about the failed billing. Very annoying. No way to fully end your account after they have your email.
En-US-266,Endel,US,1,2026-03-28,account / cancellation / restore,Charge even if cancel,Tried to charge after I cancelled subscription.  I need to make sure it’s cancelled and I have not heard back from anyone!!!!!
En-US-284,Endel,US,5,2026-03-23,customization / mix-your-own / controls,Love it_1 suggestion/request,"I love this app. It grounds my ADHD in a way that nothing else has ever been able to do. Can we please add a feature that allows the ability to adjust beats RPMs for certain playlist?

That or create playlist with various RPMs for runners

I love using this app for working out but it doesn’t work well for my run. Can’t get the pacing right. If you guys had this, the app would be goated"
En-US-286,Endel,US,3,2026-03-23,account / cancellation / restore,Good but,"I loved it but once I cancelled the subscription I still had 4 months left on my subscription and I’m out in the cold, can’t sign back in, no way to contact support.  I enjoyed the ap but for the difficulty in signing in, getting kicked out was frustrating.  Maybe they can work on this!  Good app but for this issue."
En-US-288,Endel,US,3,2026-03-23,more variety / more soundscapes & music,Interesting but wasn’t compelled to subscribe,Interesting concept. I was drawn in by an ad with sounds it said would be good for ADHD people trying to focus. I started with the free version and I like the interface a lot but the music was very different from the ad that drew me in. I Shazam’d the focus track and found it was a single from a house musician and was disappointed. It was good music but I can find good music for focusing on my existing subscriptions.
En-US-290,Endel,US,3,2026-03-22,customization / mix-your-own / controls,Confused,I truly don’t understand why there’s no option to favorite certain soundscapes
En-US-296,Endel,US,1,2026-03-19,account / cancellation / restore,Tried the app it billed and did not show in Apple Subscriptions,The app itself is good but the billing practice is fraudulent. It charged over a hundred dollars to my bank and did not show up in Apple Subscriptions. It was a trial it should have done better connecting to Apple Pay visibly not through some back door. I used it one day.
En-DE-021,Endel,DE,2,2026-06-11,stop upsell / ads / push nagging,Huge Fan BUT,"I’m a huge fan of Endel. Really like using it as a productivity tool for focusing, relaxing, meditation or falling asleep. And I’m a long time subscribers now for more then 2 years. 
Not on the BUT: why do I more or less everything when I open the app get an advertisement for the „Upgrade to Endel Lifetime“ with no option to permanently deactivate it? I don’t want that, I want to be able to quickly turn Endel on and not every time click away these advertisements..
Please remove this or at least give the option to deactivate it."
En-DE-026,Endel,DE,4,2026-05-21,quality / higher-fidelity audio,8D Odyssee,"Die 8D Odyssee in Endel ist wirklich fantastisch.
Eine alternative Soundauswahl in diesem Bereich ohne dauerhaftes Wellenrauschen  wäre super."
En-DE-032,Endel,DE,1,2026-04-15,stop upsell / ads / push nagging,"Stop the intrusive lifetime ads, at every startup (again, they are back, I already have premium!)","I love Endel, but for an app that is all about well-being, it is really annoying that every time I open the app I’m confronted with an ad to take a lifetime premium subscription and giving me stress about missing a once in a lifetime deal. I already have a premium subscription and I do not want to commit to more than a year. This has been like this for a long period now. Will give 5 stars again when you remove it or at least give us to option to hide it for a period of time. Thank you. Keep up the great work the app is amazing and getting better (have been happily using it for years)"
En-DE-059,Endel,DE,2,2026-01-07,desktop / mac / windows / web version,"iPhone app is great, Mac app needs an update","Missing many of the features of the iPhone app, incl. the colored noise. Why not just enable us to install the fully featured iPhone/iPad app if you don’t have the resources to maintain this separate Mac app (last update was a year ago), would be a much better experience. Another benefit with that is that you can put the visual/timer on another screen."
En-DE-077,Endel,DE,3,2025-10-20,desktop / mac / windows / web version,Great app but only on iPhone,"The more features are released on Endel for iPhone, the more frustrating is the Mac app. I really like the app, and I use it every day, but when I’m working it’s a shame that I have to change to my phone to be able to make use of the cool features. I wish the Mac app had the same usability as the iPhone."
En-DE-095,Endel,DE,1,2025-08-19,visuals / UI / navigation / simplicity,Abzocke,"Wenn man sowas schon als Entspannungshilfe bewirbt, dann sollte man erst mal das Menu und die Funktionen zeigen und nicht Fragen abfragen, die zum Teil geradezu als intim empfunden werden und das mit einem lapidaren Hinweis auf Datenschutz um dann am Ende einem die Pistole auf die Brust zu setzen, dass man entweder 60€ zahlt oder nicht mal Grundfunktionen testen kann.
Und nein, eine Testversion von 3 Tagen, zu der ich erst mal zustimmen muss, dass ich Geld zahle, deutet nur auf die Hoffnung hin, dass jemand der ADHS hat schon vergessen rechtzeitig den Testzeitraum zu kündigen und man billig Umsatz macht 
Das fällt für mich unter abzocke, da kann mein nach Ablauf des Test Zeitraums einfach die App sperren, machen andere auch.
Finger weg von sowas"
En-DE-100,Endel,DE,3,2025-08-06,desktop / mac / windows / web version,Block apps on mac would be great,"Expensive for what it offers, but if block apps gets added to the mac app, I will probably renew the subscribtion anyways"
En-DE-121,Endel,DE,1,2025-06-17,quality / higher-fidelity audio,KI Stimme für 60€,"Gruselig. Die Idee und die Geräuschkulisse könnte wirklich funktionieren, aber das sämtliche Kurse mit einer extrem schlechten KI Stimme gesprochen wird, macht mich wahnsinnig und bewirkt genau das Gegenteil. Dafür 60 Euro zu verlangen ist eine Frechheit. Für den Preis sollte man professionelle Sprecher erwarten können und keine Computerstimme, die mir mit einer Terminatortonlage befiehlt, ich solle mich entspannen."
En-DE-122,Endel,DE,4,2025-06-15,more variety / more soundscapes & music,"Great Focus Modes, Background Sounds Could Improve","Dynamic and Deeper focus modes do a solid job boosting focus with immersive beats. Adding more natural sounds like rain, wind, or birds alongside the beats would make the experience more calming and immersive. Overall, a well-designed app that could be even better with improved background sounds."
En-DE-123,Endel,DE,4,2025-06-10,visuals / UI / navigation / simplicity,UI is frustrating to navigate,"Great app but the UI and categorizations of sounds makes it a bit irritating to find something and just play it.

As someone suffering from intense emotional dysregulation due to ADHD, the solfeggio tones are exactly what i need. Except they‘re great for about 5 seconds until the incredibly intrusive and loud synths kick in and drown out the actual tone, turning it into nothing more than generic spa music which imo completely defeats the purpose. Please make it an option to just hear the tone. If anything the synths should be transient and not persistent throughout the whole experience."
En-DE-125,Endel,DE,4,2025-05-07,desktop / mac / windows / web version,Just missing some features,"Honestly I love it, just wondering why for example the pomodore-timer isn’t in the app for the Mac. Some soundscapes are missing too. 
But I feel like all those can hopefully come with the next update, will See."
En-DE-141,Endel,DE,4,2025-03-25,desktop / mac / windows / web version,Gut aber abgespeckt,"Ich nutze Endel jetzt schon seit längerer Zeit und bin sehr zufrieden. Ich weiß jedoch nicht, warum die Version für den Mac nicht alle Features der App bekommt… Mir fehlt vor Allem die Focus-Timer Funktion und ein paar andere Funktionen welche in der App enthalten sind."
En-DE-151,Endel,DE,3,2025-02-24,visuals / UI / navigation / simplicity,Zu kompliziert,"Ich finde die Idee und die Klänge gut, aber ich finde die Menge an Funktionen und den Aufbau generell mit vielen Symbolen etc. viel zu kompliziert, sodass man teilweise schon überfordert ist. Man sollte die Funktionen klarer und einfacher gestalten."
En-DE-153,Endel,DE,4,2025-02-21,bugs/fixes (stability wishes),Irgendwie doch gut! Bin zurück und habe abonniert,"Ich hatte die App nach den Probeabo gelöscht, doch irgendwann fehlten mir doch die Sounds. Nun bin ich zurück und Premium Abonnent. Ich nutze hauptsächlich die Focus und Relax Szenerien. 

Dennoch einige Kritik:
Seit dem Update heute (21.Feb25) funktioniert das Anti  Tinitus Szenario nicht mehr! Bitte beheben!

Die Übersichtlichkeit finde ich weiterhin verbesserungswürdig. Irgendwie ist die Navigation umständlich, wenn man wechseln will.

Ich möchte Endel dennoch nicht mehr missen!"
En-DE-178,Endel,DE,3,2024-11-29,desktop / mac / windows / web version,Great Idea but execution is meh,"Endel is a great idea. Especially the design is crazy good. Lot of work went into it. You can see and feel it. Endel is not just another money grabbing app. Thats for sure. But it still kinda feels like a paid beta. The Mac app is limited. Autoplay, 852hz etc are missing. The cpu usage is pretty high for a “music player”, even on M3s. The menu bar icon is basically useless. Regarding the high price, I would say the Mac app isn’t worth the money. At least for now… But there is still a lot of potential."
En-DE-189,Endel,DE,5,2024-10-19,more variety / more soundscapes & music,Ein wirklich gelungenes Programm,"Die App verbindet die physischen Daten des Nutzers (wenn eine Smartwatch benutzt wird) mit den kosmischen (zirkardianrhythmisch) - und zwar regionalspezifisch (Wetterapp und Standortdaten). Sie spielt Klänge über einen Synthesizer ab. Vier Klangprogramme bilden die eingespeisten Daten ab. Dabei gibt es vier frei wählbare Klangvarianten - je nachdem, was man erreichen will: Beruhigung (Rest) Konzentration (Fokus), Ab- oder Anspannung (Go to) und schließlich Schlaf (Sleep). Es gibt im Internet eine Variante mit Gesang. Die sollte in die App integriert werden. Interessant wäre sicher auch die Kopplung mit einem Emotions-/ Gehirnwellensensor (Stirnband). Drittens schlage ich vor, dass ein Expertenmodus eingebaut wird, der Nutzungsempfehlungen und Verhaltensempfehlungen sowie persönliche Gesundheitstipps produziert. Die jährlichen Kosten für die Nutzung der aktuellen Version sind moderat. Man kann die App auch ohne Anbindung an individuelle Daten nutzen. Dann sind die Klänge bei verschiedenen Personen gleich.

Update meiner Rezension (4.1.2022)

Großartig, daß und wie Ihr das weiterentwickelt

Update meiner Rezension
(19.10.2024)

Wie 4.1.2022.
Mein Wunsch wäre, daß Ihr eine Klangvariante schafft, die jeder individuell musikalisch trainieren kann."
En-DE-218,Endel,DE,4,2024-05-29,"sleep-specific features (smart alarm, wake-up)",Smart Alarm,I’ve been using this app exclusively for Smart Alarm. I like the way I woke up fresh. But recently I couldn’t find it anymore. It would be very unfortunate if you deleted it. I hope you bring it back
En-DE-220,Endel,DE,5,2024-05-27,visuals / UI / navigation / simplicity,Very nice app for cool seamless white noise,"I love the app and how it makes seamless soundscapes. I use it mostly for sleeping. 
Some recommendations: 
Make it horizontal compatible too so it can be used like “stand by” (like a night stand). 
If you put an alarm it would be good you can set the alarm and return to the screen. If you set an alarm it stays stuck with a message when the alarm will start. So if I want to let’s say re-start my soundscape I must cancel alarm, restart and set alarm again."
En-DE-229,Endel,DE,3,2024-02-02,stop upsell / ads / push nagging,"Tolle App, aber…","Super gelungene App die ich sehr oft und sehr gerne nutze. Vielen Dank. 

Deutlichen Punktabzug gibt es aber für viele unerwünschte Push Nachrichten, die man leider nicht abstellen kann, bzw. nur dann wenn man die erwünschten auch mit abstellt."
En-DE-239,Endel,DE,3,2023-11-14,integration: watch / wearable / smart home / casting,Da geht noch was,"Leider kein Dolby Atmos. Zudem über AppleTV nicht steuerbar, das Bild ist grauenhaft"
En-DE-252,Endel,DE,4,2023-09-30,customization / mix-your-own / controls,Super App! nur eine Sache fehlt,"Die App ist wirklich gut zum
Abschalten und um in eine konzentrierte Phase zu wechseln. Es fehlt mir nur eine Option oder die Möglichkeit binaurale Klänge einzuschalten. Wenn dies noch ergänzt wird gibt es 5 Sterne :)"
En-DE-256,Endel,DE,4,2023-07-21,playback controls (autoplay / background mode),Wird immer besser...,... fehlt eigentlich nur noch Autoplay
En-DE-258,Endel,DE,4,2023-07-11,integration: calendar / session stats,Great focus music,"I tend to have problem keeping my focus on the task at hand and entering a flow state. But the deep work on the Endel works wonders on me. I could finish so many writing tasks including my thesis by listening to the deep work on the headphones. 👌

Contra: I wish I could add the session to my google calendar afterwards so I can have an overview of my deep work in the past days or weeks. I’m not a person of doing habits at the same time and I wish there was more flexibility by syncing it with calendar online instead of asking me to do it next day at the same time."
En-DE-277,Endel,DE,4,2023-02-11,integration: watch / wearable / smart home / casting,Sehr gute App!,"Eine super App, die beim Entspannen, Fokussieren und Einschlafen hilft, das Investment war es definitiv wert!
Einen Wunsch habe jedoch: Die App für die Apple Watch sollte besser ausgebaut werden, ein Beispiel wäre die Möglichkeit, über die Apple Watch einen Timer auf dem iPhone einzustellen."
En-DE-279,Endel,DE,5,2023-02-06,"sleep-specific features (smart alarm, wake-up)",Wirklich großartig,"Diese App ist wirklich wunderbar. Ich genieße viele der angebotenen Szenarien wirklich sehr - und finde es toll, dass das große Angebot auch schon in der kostenlosen Version verfügbar ist. Wenn ich noch einen Wunsch frei hätte, würde ich mir ein Aufwach-Szenario kreieren lassen, dass mich  am Morgen innerhalb von einer Viertelstunde von einem kuscheligen Aufwachsound hin zu einem quirligen Tanzbeat pusht."
En-DE-285,Endel,DE,4,2022-12-25,playback controls (autoplay / background mode),"Super, aber noch einen Wunsch","Mit der Sleep-Funktion schlafe ich wirklich besser. Kleinere Geräusche, die mich sonst wecken, werden überdeckt.

Nervig finde ich allerdings, dass ich den „Hintergrundmodus“ jeden Abend wieder neu aktivieren muss, um nicht auf mein Hörbuch zu verzichten."
En-DE-290,Endel,DE,3,2022-12-07,visuals / UI / navigation / simplicity,Gut gemacht.,"Relax, Sleep und ein paar andere Modi sind ganz gut. Die Bedienung finde ich allerdings zu kompliziert und es gibt nur wenig individuell einzustellen. 
Das Schlimmste ist allerdings der verstörende Focus Modus. Wenn man doch wenigstens den Beat abstellen könnte. 
Einen Nachmittag im Focus und man braucht zwei Wochen Therapie 😉"
Br-US-029,Brain.fm,US,3,2026-07-08,feature removed (bring back workout mode),Bring back workout mode!!! Please!!!,"I love this app, and have been a long time subscriber. But im extremely disappointed that the developers decided to remove workout mode! It was helping me with my cardio workouts tremendously.. and I can’t perform the same without it. Random music on Spotify doesn’t cut it. 

Please bring it back!"
Br-US-038,Brain.fm,US,1,2026-06-11,account / cancellation / restore,Beware,"If you get your free trial online like through Facebook not the app
There is no way to cancel and you are charged."
Br-US-059,Brain.fm,US,1,2026-04-29,cheaper / pricing / free tier,Purchase?!,I heard about this app and I have adhd and can’t focus on things so I got the app not knowing that I’d have to do a purchase option either way so now I can’t use the app because I’m not gonna pay for an app and it’s just a bummer like I was so excited and now I’m bummed out …I wish it was free so Everyone could use it
Br-US-068,Brain.fm,US,5,2026-03-26,customization / mix-your-own / controls,Definitely helps my ADHD focus issues at least a bit!,"This app hasn’t been a transformative, life-changing discovery like some ads suggest, but I’ve been using it for over half a year now and I definitely notice some improvement in my focus and attention when using it! Exactly how much of a difference depends on the day/time/circumstances, but it’s enough that this has become a regular ADHD management tool for me, for everything from studying to working on creative projects, really anything that I need a focus boost for. 

The most significant improvement for me happens when my brain is hitting that boredom-burnout point on long assignments or study sessions. Putting on the music in this app helps get my brain out of the disengaged/distracted slump, or at least reduces how bad it is. If I was already having a relatively good focus day I don’t notice as much impact; I’m sure there’s still at least little, but it’s less obvious. 

As a side note, I’m really glad the app has the thumbs down button permanently skip songs. I have some misophonia and there have been several songs that had just the wrong combination of sounds in order to trigger it, but being able to simply remove those songs from rotation means that’s not a serious problem. 

I do wish there was a way to have playlists in addition to the favorites library though…"
Br-US-070,Brain.fm,US,3,2026-03-25,more variety / more soundscapes & music,Jazz and Piano,Could you add more piano and jazz music.
Br-US-080,Brain.fm,US,1,2026-03-11,cheaper / pricing / free tier,Deceptive,The app should make it clear that it requires a subscription before you download the app.
Br-US-101,Brain.fm,US,1,2026-02-11,customization / mix-your-own / controls,"Buggy onboarding, too harsh paywall, overpriced","While idea is nice, i deleted 1 minute later because i clicked wrong option on 1st screen and couldn’t change it anymore, then long wait time on screen that seemingly does something but it does absolutely nothing in real, only annoying wait time. Then, you have to start trial immediately or pay without even trying. Why would i commit to something and share my payment details for what i don’t know if it works at all. Closing that menu triggers paywall again and again, no way to explore the app. Overall subscription feels extremely overpriced and a poor quality app. I regret installing it and sharing my email."
Br-US-108,Brain.fm,US,5,2026-01-26,integration: watch / wearable / smart home / casting,"Works great, but missing an Apple Watch app","I use the app regularly to help me focus or relax, and I love it.

However, one thing I miss is being able to use it without my phone.
It would be great if Brain.fm had a watch app like Endel does 🙏"
Br-US-110,Brain.fm,US,3,2026-01-22,more variety / more soundscapes & music,Limited,"Let me preface by saying I am highly sensitive. I had hoped that the app could help me to focus more than traditional music. However, the music selection was limited, there was no option to provide feedback or make “sound” customizations other than setting a sensitivity level. For me, I found sounds like static and crinkling to be anxiety triggering and wish I could have filtered out layers of such sound as I can with other sleep soundscape apps. No value found for me, especially for a paid subscription required app."
Br-US-113,Brain.fm,US,1,2026-01-19,cheaper / pricing / free tier,Too expensive subscription,"I’ve paid the annual subscription ($50) for about 3 years now. A few days ago they doubled that price, and now EVERY day when I open the app, it says my sub is “expired” and I need to pick a new, more expensive plan. I can “restore purchases” on my profile and it says “you have 214 days left” - each day it is counting down, but I shouldn’t have to go through that step 200 more times to complete my subscription in peace. App is great, music is wonderful, but the PRICE IS TOO HIGH. I won’t be renewing, I just hope they fix the “expired” problem so I don’t have to restore purchase on a daily basis :("
Br-US-116,Brain.fm,US,1,2026-01-12,bugs/fixes (stability wishes),"Music great, app terrible",Please please fix the playback error problem when I have a song saved in offline and I try to access it from another device or after replacing my iPhone. Some songs just always throw that error. Seems trivial but I get that error multiple times per day
Br-US-133,Brain.fm,US,5,2025-11-24,customization / mix-your-own / controls,Serious focus,It really makes a difference for me to balance my crazy. I really can focus and concentrate better. I wish though they’d come up with an AI mode that would automatically harmonize isochrinic tones w my choice of music. But I totally  love it as is as well.
Br-US-138,Brain.fm,US,5,2025-11-05,desktop / mac / windows / web version,It has helped me so much,"My focus has definitely improved while using the app. I have also used it to help with meditation and relaxation. 

Your mileage may vary, but it is definitely worth trying out. 

My only complaint is that web app isn’t working behind my company VPN, so I have to use my phone."
Br-US-155,Brain.fm,US,5,2025-09-30,more variety / more soundscapes & music,Good for focus!,Huge help. Love this app. PLEASE add a randomizer. The same song sequence plays from the beginning every time I start using the app. This is a basic feature for music apps.
Br-US-158,Brain.fm,US,2,2025-09-23,customization / mix-your-own / controls,"It works, music’s great. App: horrible","I enjoy the sounds that really do help me. But the app is horrible. I cannot find anything and the filter function is not really existing. I don’t like the unplugged/classical music though. I’m a classical music buff, so they all sound cheap to me. But the rest is good. Alas, I can’t exclude certain genres from the playlist. The „neural function“ is great and helps!
But I can’t filter for the „neural function“ and the neural function labels are all falsely displayed. PLEASE fix your app, brain fm, please. I end up spending more time in the app than on my work."
Br-US-159,Brain.fm,US,4,2025-09-23,integration: watch / wearable / smart home / casting,Awesome App,"Love this app! It helps me focus for work, unwind, and sleep. My only criticism is that it doesn't have Bluetooth. So you can't play it louder on a better speaker. With that, I'd give it 10 stars!!!"
Br-US-161,Brain.fm,US,1,2025-09-22,bugs/fixes (stability wishes),Love but subscription won’t sync,"Love the app and the binaural beats, they’re amazing for focus. But I can’t use it because it keeps asking me to upgrade to Pro even though I’m already paying. Tried reinstalling and resubscribing with no luck. Please fix this bug!"
Br-US-164,Brain.fm,US,1,2025-09-15,bugs/fixes (stability wishes),Keeps crashing,"Every time I try to log in, the app crashes. Please fix this! I have no issues with it on a browser"
Br-US-177,Brain.fm,US,5,2025-07-25,more variety / more soundscapes & music,Suggestion for the Dev,"This is a great app and I  enjoying it so far. I have decided to replace my normal exercise playlist with biannual beats (BB) in hopes of a more even endorphin cycle. - In other words, instead of the highs and lows that come with traditional music due to being able to get more into certain songs.. using BB for a faster endorphin response, and “more even flow” - all that just to say it would be great to have a category for exercise. Thank you for your time, and your product."
Br-US-192,Brain.fm,US,4,2025-06-09,integration: watch / wearable / smart home / casting,Perfect except…,I love this app. Please make it available on the watch too! I like to leave my phone at home or hide it to stay productive it would be great to be able to play directly from the watch!
Br-US-213,Brain.fm,US,5,2025-04-04,more variety / more soundscapes & music,Beyond Impressed!!,I don’t really know where to begin. They have like everything. So many sounds and compositions. So many moods and even more ambience. I tried this with the intent of using it with my business… and now I want my family to use it for everything. Forget traditional music… this! This! So much variety! Just WOW! Beyond impressed! This is what I didn’t know I was missing.
Br-US-214,Brain.fm,US,5,2025-04-01,desktop / mac / windows / web version,Desktop App?,I LOVE Brain.fm but I like to use my headphones with my computer and have my phone put away. PLEASE make an app for the Microsoft store. It will help so many people!!
Br-US-218,Brain.fm,US,5,2025-03-17,more variety / more soundscapes & music,I use this app every day.,"I honestly still don’t know how “real” the science of it is. All I know is that I like the music and I find that it really works. I use almost all of the settings and I find that they really do aid and benefit whatever task I am trying to accomplish whether it’s creative writing, meditating, calming down for bedtime, or my personal favorite “light work” for those mindless, tedious administrative tasks that can be so boring. I am very easily distracted and for whatever reason when I have Brain FM going, I stay locked in to whatever task I set out to do. The timers are also super helpful. I can’t wait for them to add more songs and genres."
Br-US-230,Brain.fm,US,4,2025-02-17,quality / higher-fidelity audio,Mostly love,"I mostly love this app. It helps with my sleep and focus. I have major ADHD and for the most part I can function. 

My only complaint is there’s this fluttery sound that is on almost every track some days. And I can not get past it. I wish there was a way to turn it off"
Br-US-239,Brain.fm,US,1,2025-01-23,customization / mix-your-own / controls,Aggravating,"I answered the questions for preferences and the music it played grates on my nerves. No way to change preferences. Deleted 10 minutes in. Good concept, but not with with an app that is not user friendly."
Br-US-252,Brain.fm,US,3,2024-12-22,desktop / mac / windows / web version,Interval Timer Missing,"I use the desktop browser version of this app all the time, and find it extremely useful for staying focused and productive, particularly by using the interval pomodoro timer. However, despite both the desktop and Android versions of the app having the interval timer, it is inexplicably missing from the iOS app. I’m not sure why this, and honestly keeps me from using it on my Apple device."
Br-US-272,Brain.fm,US,4,2024-10-16,more variety / more soundscapes & music,Great for work and to wind down,I love the added boost in focus I get from Brain.fm at work. My only issues is that I wish there was a greater selection of electronic music. The selections to refresh and unwind are fantastic!
Br-DE-021,Brain.fm,DE,5,2025-11-02,cheaper / pricing / free tier,Amazing app!,"The app is really good, I always struggled concentrating while studying for uni. I really enjoyed using the app but I wish they would make it for free because university students can’t afford to pay for it."
Br-DE-035,Brain.fm,DE,4,2024-04-12,cheaper / pricing / free tier,Sehr gut aber zu teuer,"Die Klangmuster sind sehr gut ausgewählt. Bei anderer vergleichbarer Musik wird man eher schläfrig. Jedoch ist es leider zu teuer. Ich würde auch gern nur ein Teil Paket (zum Beispiel Deep work) nehmen, geht aber leider nicht.  Daher werde ich doch was anderes suchen"
Br-DE-039,Brain.fm,DE,5,2023-11-27,integration: watch / wearable / smart home / casting,Great app with one flaw,"I really enjoy this application, it will be an excellent replacement for my music app. Unfortunately I can’t integrate it with Siri, even thought there are buttons for it in a configuration, clicking on “Add a o Siri” has no effect whatsoever."
Br-DE-048,Brain.fm,DE,3,2022-08-28,customization / mix-your-own / controls,"Love it, but why no volume control?","I love brain.fm but i use it only in the browser version, since there is no volume control in the app. Can somebody explain this? And hopefully fix it soon?"
Br-DE-075,Brain.fm,DE,5,2019-11-23,bugs/fixes (stability wishes),The music is great. The App ist trash.,It has not been working on my Phone for over a month. It loads and quits. I have been using my IPad instead and today this doesn‘t work aswell. It buffers and then doesn‘t play the song. Please fix it.
Br-DE-080,Brain.fm,DE,2,2019-09-25,visuals / UI / navigation / simplicity,Please add horizontal orientation for iPads!,"The update was long due and it’s much better now, but please add horizontal orientation for iPads!"
Br-DE-112,Brain.fm,DE,1,2017-05-11,bugs/fixes (stability wishes),Disappointing,Often freezes in the middle of the session. Buffering is too bad. Please fix it!!
Br-DE-126,Brain.fm,DE,5,2016-12-02,bugs/fixes (stability wishes),Great app and service!,"Just got lucky on the last cyber Monday and bought the lifetime access for about $80.

Here is what I can tell about the service (web/app).
- Focus sessions help me at work
- Sleep sessions help me at night

The app needs a bit of tweaking but is overall well designed.

I wish I could mark sessions as my favorite to enjoy them later again.

4/5 app
4/5 web
5/5 sound effectiveness
5/5 supporter by the developers"
